id,title,description,risk
accessanalyzer_enabled,Check if IAM Access Analyzer is enabled,Check if IAM Access Analyzer is enabled,"AWS IAM Access Analyzer helps you identify the resources in your organization and accounts, such as Amazon S3 buckets or IAM roles, that are shared with an external entity. This lets you identify unintended access to your resources and data, which is a security risk. IAM Access Analyzer uses a form of mathematical analysis called automated reasoning, which applies logic and mathematical inference to determine all possible access paths allowed by a resource policy."
accessanalyzer_enabled_without_findings,Check if IAM Access Analyzer is enabled without findings,Check if IAM Access Analyzer is enabled without findings,"AWS IAM Access Analyzer helps you identify the resources in your organization and accounts, such as Amazon S3 buckets or IAM roles, that are shared with an external entity. This lets you identify unintended access to your resources and data, which is a security risk. IAM Access Analyzer uses a form of mathematical analysis called automated reasoning, which applies logic and mathematical inference to determine all possible access paths allowed by a resource policy."
account_maintain_current_contact_details,Maintain current contact details.,Maintain current contact details.,"Ensure contact email and telephone details for AWS accounts are current and map to more than one individual in your organization. An AWS account supports a number of contact details, and AWS will use these to contact the account owner if activity judged to be in breach of Acceptable Use Policy. If an AWS account is observed to be behaving in a prohibited or suspicious manner, AWS will attempt to contact the account owner by email and phone using the contact details listed. If this is unsuccessful and the account behavior needs urgent mitigation, proactive measures may be taken, including throttling of traffic between the account exhibiting suspicious behavior and the AWS API endpoints and the Internet. This will result in impaired service to and from the account in question."
account_maintain_different_contact_details_to_security_billing_and_operations,"Maintain different contact details to security, billing and operations.","Maintain different contact details to security, billing and operations.","Ensure contact email and telephone details for AWS accounts are current and map to more than one individual in your organization. An AWS account supports a number of contact details, and AWS will use these to contact the account owner if activity judged to be in breach of Acceptable Use Policy. If an AWS account is observed to be behaving in a prohibited or suspicious manner, AWS will attempt to contact the account owner by email and phone using the contact details listed. If this is unsuccessful and the account behavior needs urgent mitigation, proactive measures may be taken, including throttling of traffic between the account exhibiting suspicious behavior and the AWS API endpoints and the Internet. This will result in impaired service to and from the account in question."
account_security_contact_information_is_registered,Ensure security contact information is registered.,Ensure security contact information is registered.,AWS provides customers with the option of specifying the contact information for accounts security team. It is recommended that this information be provided. Specifying security-specific contact information will help ensure that security advisories sent by AWS reach the team in your organization that is best equipped to respond to them.
account_security_questions_are_registered_in_the_aws_account,Ensure security questions are registered in the AWS account.,Ensure security questions are registered in the AWS account.,The AWS support portal allows account owners to establish security questions that can be used to authenticate individuals calling AWS customer service for support. It is recommended that security questions be established. When creating a new AWS account a default super user is automatically created. This account is referred to as the root account. It is recommended that the use of this account be limited and highly controlled. During events in which the root password is no longer accessible or the MFA token associated with root is lost/destroyed it is possible through authentication using secret questions and associated answers to recover root login access.
acm_certificates_expiration_check,Check if ACM Certificates are about to expire in specific days or less,Check if ACM Certificates are about to expire in specific days or less,Expired certificates can impact service availability.
acm_certificates_transparency_logs_enabled,Check if ACM certificates have Certificate Transparency logging enabled,Check if ACM certificates have Certificate Transparency logging enabled,"Domain owners can search the log to identify unexpected certificates, whether issued by mistake or malice. Domain owners can also identify Certificate Authorities (CAs) that are improperly issuing certificates."
acm_certificates_with_secure_key_algorithms,Check if ACM Certificates use a secure key algorithm,"Check if ACM Certificates use a secure key algorithm (RSA 2048 bits or more, or ECDSA 256 bits or more). For example certificates that use RSA-1024 can be compromised because the encryption could be broken in no more than 2^80 guesses making it vulnerable to a factorization attack.","Certificates with weak RSA or ECDSA keys can be compromised because the length of the key defines the security of the encryption. The number of bits in the key determines the number of guesses an attacker would have to make in order to decrypt the data. The more bits in the key, the more secure the encryption."
apigateway_restapi_authorizers_enabled,Check if API Gateway has configured authorizers at api or method level.,Check if API Gateway has configured authorizers at api or method level.,If no authorizer is enabled anyone can use the service.
apigateway_restapi_cache_encrypted,Check if API Gateway REST API cache data is encrypted at rest.,This control checks whether all methods in API Gateway REST API stages that have cache enabled are encrypted. The control fails if any method in an API Gateway REST API stage is configured to cache and the cache is not encrypted.,"Without encryption, cached data in API Gateway REST APIs may be vulnerable to unauthorized access, potentially exposing sensitive information to users not authenticated to AWS."
apigateway_restapi_client_certificate_enabled,Check if API Gateway Stage has client certificate enabled to access your backend endpoint.,Check if API Gateway Stage has client certificate enabled to access your backend endpoint.,Possible man in the middle attacks and other similar risks.
apigateway_restapi_logging_enabled,Check if API Gateway Stage has logging enabled.,Check if API Gateway Stage has logging enabled.,"If not enabled, monitoring of service use is not possible. Real-time monitoring of API calls can be achieved by directing CloudTrail Logs to CloudWatch Logs and establishing corresponding metric filters and alarms."
apigateway_restapi_public,Check if API Gateway endpoint is public or private.,Check if API Gateway endpoint is public or private.,If accessible from internet without restrictions opens up attack / abuse surface for any malicious user.
apigateway_restapi_public_with_authorizer,Check if API Gateway public endpoint has an authorizer configured.,Check if API Gateway public endpoint has an authorizer configured.,If accessible from internet without restrictions opens up attack / abuse surface for any malicious user.
apigateway_restapi_tracing_enabled,Check if AWS X-Ray tracing is enabled for API Gateway REST API stages.,This control checks whether AWS X-Ray active tracing is enabled for your Amazon API Gateway REST API stages.,"Without X-Ray active tracing, it may be difficult to quickly identify and respond to performance issues that could lead to decreased availability or degradation of the API's performance."
apigateway_restapi_waf_acl_attached,Check if API Gateway Stage has a WAF ACL attached.,Check if API Gateway Stage has a WAF ACL attached.,"Potential attacks and / or abuse of service, more even for even for internet reachable services."
apigatewayv2_api_access_logging_enabled,Ensure API Gateway V2 has Access Logging enabled.,Ensure API Gateway V2 has Access Logging enabled.,If no authorizer is enabled anyone can use the service.
apigatewayv2_api_authorizers_enabled,Checks if API Gateway V2 has configured authorizers.,Checks if API Gateway V2 has configured authorizers.,If no authorizer is enabled anyone can use the service.
apiserver_always_pull_images_plugin,Ensure that the admission control plugin AlwaysPullImages is set,"This check verifies that the AlwaysPullImages admission control plugin is enabled in the Kubernetes API server. This plugin ensures that every new pod always pulls the required images, enforcing image access control and preventing the use of possibly outdated or altered images.","Without AlwaysPullImages, once an image is pulled to a node, any pod can use it without any authorization check, potentially leading to security risks."
apiserver_anonymous_requests,Ensure that the --anonymous-auth argument is set to false,"Disable anonymous requests to the API server. When enabled, requests that are not rejected by other configured authentication methods are treated as anonymous requests, which are then served by the API server. Disallowing anonymous requests strengthens security by ensuring all access is authenticated.",Enabling anonymous access to the API server can expose the cluster to unauthorized access and potential security vulnerabilities.
apiserver_audit_log_maxage_set,Ensure that the --audit-log-maxage argument is set to 30 or as appropriate,This check ensures that the Kubernetes API server is configured with an appropriate audit log retention period. Setting --audit-log-maxage to 30 or as per business requirements helps in maintaining logs for sufficient time to investigate past events.,"Without an adequate log retention period, there may be insufficient audit history to investigate and analyze past events or security incidents."
apiserver_audit_log_maxbackup_set,Ensure that the --audit-log-maxbackup argument is set to 10 or as appropriate,This check ensures that the Kubernetes API server is configured with an appropriate number of audit log backups. Setting --audit-log-maxbackup to 10 or as per business requirements helps maintain a sufficient log backup for investigations or analysis.,"Without an adequate number of audit log backups, there may be insufficient log history to investigate past events or security incidents."
apiserver_audit_log_maxsize_set,Ensure that the --audit-log-maxsize argument is set to 100 or as appropriate,This check ensures that the Kubernetes API server is configured with an appropriate audit log file size limit. Setting --audit-log-maxsize to 100 MB or as per business requirements helps manage the size of log files and prevents them from growing excessively large.,"Without an appropriate audit log file size limit, log files can grow excessively large, potentially leading to storage issues and difficulty in log analysis."
apiserver_audit_log_path_set,Ensure that the --audit-log-path argument is set,This check verifies that the Kubernetes API server is configured with an audit log path. Enabling audit logs helps in maintaining a chronological record of all activities and operations which can be critical for security analysis and troubleshooting.,"Without audit logs, it becomes difficult to track changes and activities within the cluster, potentially obscuring the detection of malicious activities or operational issues."
apiserver_auth_mode_include_node,Ensure that the --authorization-mode argument includes Node,"This check ensures that the Kubernetes API server is configured to include 'Node' in its --authorization-mode argument. This mode restricts kubelets to only read objects associated with their nodes, enhancing security.","If the Node authorization mode is not included, kubelets may have broader access than necessary, which can pose a security risk."
apiserver_auth_mode_include_rbac,Ensure that the --authorization-mode argument includes RBAC,This check verifies that Role Based Access Control (RBAC) is enabled in the Kubernetes API server's authorization mode. RBAC allows for fine-grained control over cluster operations and is recommended for secure and manageable access control.,"If RBAC is not included in the API server's authorization mode, the cluster may not be leveraging fine-grained access controls, leading to potential security risks."
apiserver_auth_mode_not_always_allow,Ensure that the --authorization-mode argument is not set to AlwaysAllow,"This check ensures that the Kubernetes API server is not configured to always authorize all requests. The 'AlwaysAllow' mode bypasses all authorization checks, which should not be used on production clusters.","If set to AlwaysAllow, the API server would authorize all requests, potentially leading to unauthorized access and security vulnerabilities."
apiserver_client_ca_file_set,Ensure that the --client-ca-file argument is set as appropriate,"This check ensures that the Kubernetes API server is configured with the --client-ca-file argument, specifying the CA file for client authentication. This setting enables the API server to authenticate clients using certificates signed by the CA and is crucial for secure communication.","If the client CA file is not set, the API server may not properly authenticate clients, potentially leading to unauthorized access."
apiserver_deny_service_external_ips,Ensure that the DenyServiceExternalIPs is set,"This check ensures the DenyServiceExternalIPs admission controller is enabled, which rejects all new usage of the Service field externalIPs. Enabling this controller enhances security by preventing the misuse of the externalIPs field.","Not setting the DenyServiceExternalIPs admission controller could allow users to create Services with external IPs, potentially exposing services to security risks."
apiserver_disable_profiling,Ensure that the --profiling argument is set to false,"This check ensures that profiling is disabled in the Kubernetes API server. Profiling generates extensive data about the system's performance and operations, which, if not needed, should be disabled to reduce the attack surface.","Enabled profiling can potentially expose detailed system and program data, which might be exploited for malicious purposes."
apiserver_encryption_provider_config_set,Ensure that the --encryption-provider-config argument is set as appropriate,This check ensures that the Kubernetes API server is configured with the --encryption-provider-config argument to encrypt sensitive data at rest in the etcd key-value store. Encrypting data at rest prevents potential unauthorized disclosures and ensures that the sensitive data is secure.,"Without proper configuration of the encryption provider, sensitive data stored in etcd might not be encrypted, posing a risk of data breaches."
apiserver_etcd_cafile_set,Ensure that the --etcd-cafile argument is set as appropriate,"This check ensures that the Kubernetes API server is configured with the --etcd-cafile argument, specifying the Certificate Authority file for etcd client connections. This setting is important for secure communication with etcd and ensures that the API server connects to etcd with an SSL Certificate Authority file.","Without proper TLS configuration, communication between the API server and etcd can be unencrypted, leading to potential security vulnerabilities."
apiserver_etcd_tls_config,Ensure that the --etcd-certfile and --etcd-keyfile arguments are set as appropriate,"This check ensures that the Kubernetes API server is configured with TLS encryption for etcd client connections, using --etcd-certfile and --etcd-keyfile arguments. Setting up TLS for etcd is crucial for securing the sensitive data stored in etcd as it's the primary datastore for Kubernetes.","Without TLS encryption, data stored in etcd is susceptible to eavesdropping and man-in-the-middle attacks, potentially leading to data breaches."
apiserver_event_rate_limit,Ensure that the admission control plugin EventRateLimit is set,"This check verifies if the Kubernetes API server is configured with the EventRateLimit admission control plugin. This plugin limits the rate of events accepted by the API Server, preventing potential DoS attacks by misbehaving workloads.","Without EventRateLimit, the API server could be overwhelmed by a high number of events, leading to DoS and performance issues."
apiserver_kubelet_cert_auth,Ensure that the --kubelet-certificate-authority argument is set as appropriate,"This check ensures that the Kubernetes API server is set up with a specified certificate authority for kubelet connections, using the --kubelet-certificate-authority argument. This setup is crucial for verifying the kubelet's certificate to prevent man-in-the-middle attacks during connections from the apiserver to the kubelet.","Without the --kubelet-certificate-authority argument, connections to kubelets are not verified, increasing the risk of man-in-the-middle attacks, especially over untrusted networks."
apiserver_kubelet_tls_auth,Ensure that the --kubelet-client-certificate and --kubelet-client-key arguments are set as appropriate,"This check ensures that the Kubernetes API server is set up with certificate-based authentication to the kubelet. This setup requires the --kubelet-client-certificate and --kubelet-client-key arguments in the kube-apiserver configuration to be set, ensuring secure communication between the API server and kubelets.","Without certificate-based authentication to kubelets, requests from the apiserver are treated as anonymous, which could lead to unauthorized access and manipulation of node resources."
apiserver_namespace_lifecycle_plugin,Ensure that the admission control plugin NamespaceLifecycle is set,"This check verifies that the NamespaceLifecycle admission control plugin is enabled in the Kubernetes API server. This plugin prevents the creation of objects in non-existent or terminating namespaces, enforcing the integrity of the namespace lifecycle and availability of new objects.","Without NamespaceLifecycle, objects may be created in namespaces that are being terminated, potentially leading to inconsistencies and resource conflicts."
apiserver_no_always_admit_plugin,Ensure that the admission control plugin AlwaysAdmit is not set,"This check verifies that the Kubernetes API server is not configured with the AlwaysAdmit admission control plugin. The AlwaysAdmit plugin allows all requests without any filtering, which is a security risk and is deprecated.","Enabling AlwaysAdmit permits all requests by default, bypassing other admission control checks, which can lead to unauthorized access."
apiserver_no_token_auth_file,Ensure that the --token-auth-file parameter is not set,"This check ensures that the Kubernetes API server is not using static token-based authentication, which is less secure. Static tokens are stored in clear-text and lack features like revocation or rotation without restarting the API server.","Using static token-based authentication exposes the cluster to security risks due to the static nature of the tokens, their clear-text storage, and the inability to revoke or rotate them easily."
apiserver_node_restriction_plugin,Ensure that the admission control plugin NodeRestriction is set,"This check ensures that the NodeRestriction admission control plugin is enabled in the Kubernetes API server. NodeRestriction limits the Node and Pod objects that a kubelet can modify, enhancing security by ensuring kubelets are restricted to manage their own node and pods.","Without NodeRestriction, kubelets may have broader access to Node and Pod objects, potentially leading to unauthorized modifications and security risks."
apiserver_request_timeout_set,Ensure that the --request-timeout argument is set as appropriate,"This check verifies that the Kubernetes API server is configured with an appropriate global request timeout. Setting a suitable --request-timeout value ensures the API server can handle requests efficiently without exhausting resources, especially in cases of slower connections or high-volume data requests.","An inadequately set request timeout may lead to inefficient handling of API requests, either by timing out too quickly on slow connections or by allowing requests to consume excessive resources, leading to potential Denial-of-Service attacks."
apiserver_security_context_deny_plugin,Ensure that the admission control plugin SecurityContextDeny is set if PodSecurityPolicy is not used,This check verifies that the SecurityContextDeny admission control plugin is enabled in the Kubernetes API server if PodSecurityPolicy is not used. The SecurityContextDeny plugin denies pods that make use of certain SecurityContext fields which could allow privilege escalation.,"Without SecurityContextDeny, pods may be able to escalate privileges if PodSecurityPolicy is not used, potentially leading to security vulnerabilities."
apiserver_service_account_key_file_set,Ensure that the --service-account-key-file argument is set as appropriate,"This check ensures that the Kubernetes API server is configured with a --service-account-key-file argument, specifying the public key file for service account verification. A separate key pair for service accounts enhances security by enabling key rotation and ensuring service account tokens are verified with a specific public key.","Without a specified service account public key file, the API server may use the private key from its TLS serving certificate, hindering the ability to rotate keys and increasing security risks."
apiserver_service_account_lookup_true,Ensure that the --service-account-lookup argument is set to true,"This check ensures that the Kubernetes API server is configured with --service-account-lookup set to true. This setting validates the service account associated with each request, ensuring that the service account token is not only valid but also currently exists.","If --service-account-lookup is disabled, deleted service accounts might still be used, posing a security risk."
apiserver_service_account_plugin,Ensure that the admission control plugin ServiceAccount is set,"This check verifies that the ServiceAccount admission control plugin is enabled in the Kubernetes API server. This plugin automates the creation and assignment of service accounts to pods, enhancing security by managing service account tokens.","If the ServiceAccount admission plugin is disabled, pods might be assigned the default service account without proper token management, leading to potential security risks."
apiserver_strong_ciphers_only,Ensure that the API Server only makes use of Strong Cryptographic Ciphers,"This check ensures that the Kubernetes API server is configured to only use strong cryptographic ciphers, minimizing the risk of vulnerabilities associated with weaker ciphers. Strong ciphers enhance the security of TLS connections to the API server.","Using weak ciphers can leave the API server vulnerable to cryptographic attacks, compromising the security of data in transit."
apiserver_tls_config,Ensure that the --tls-cert-file and --tls-private-key-file arguments are set as appropriate,"This check ensures that the Kubernetes API server is configured with TLS for secure communication. The --tls-cert-file and --tls-private-key-file arguments should be set to enable TLS encryption, thereby securing sensitive data transmitted to and from the API server.","If TLS is not properly configured, the API server communication could be unencrypted, leading to potential data breaches."
appstream_fleet_default_internet_access_disabled,Ensure default Internet Access from your Amazon AppStream fleet streaming instances should remain unchecked.,Ensure default Internet Access from your Amazon AppStream fleet streaming instances should remain unchecked.,Default Internet Access from your fleet streaming instances should be controlled using a NAT gateway in the VPC.
appstream_fleet_maximum_session_duration,Ensure user maximum session duration is no longer than 10 hours.,Ensure user maximum session duration is no longer than 10 hours.,Having a session duration lasting longer than 10 hours should not be necessary and if running for any malicious reasons provides a greater time for usage than should be allowed.
appstream_fleet_session_disconnect_timeout,Ensure session disconnect timeout is set to 5 minutes or less.,Ensure session disconnect timeout is set to 5 minutes or less,"Disconnect timeout in minutes, is the amount of of time that a streaming session remains active after users disconnect."
appstream_fleet_session_idle_disconnect_timeout,Ensure session idle disconnect timeout is set to 10 minutes or less.,Ensure session idle disconnect timeout is set to 10 minutes or less.,Idle disconnect timeout in minutes is the amount of time that users can be inactive before they are disconnected from their streaming session and the Disconnect timeout in minutes time begins.
appsync_field_level_logging_enabled,AWS AppSync should have field-level logging enabled,This control checks whether an AWS AppSync API (only GraphQL APIs since boto3 doesnt have a method to return other APIs) field-level logging turned on. The control fails if the field resolver log level is set to None.,"Without field-level logging enabled, it's difficult to monitor, troubleshoot, and optimize GraphQL API queries effectively."
athena_workgroup_encryption,Ensure that encryption at rest is enabled for Amazon Athena query results stored in Amazon S3 in order to secure data and meet compliance requirements for data-at-rest encryption.,Ensure that encryption at rest is enabled for Amazon Athena query results stored in Amazon S3 in order to secure data and meet compliance requirements for data-at-rest encryption.,If not enabled sensitive information at rest is not protected.
athena_workgroup_enforce_configuration,Ensure that workgroup configuration is enforced so it cannot be overriden by client-side settings.,Ensure that workgroup configuration is enforced so it cannot be overriden by client-side settings.,If workgroup configuration is not enforced security settings like encryption can be overriden by client-side settings.
athena_workgroup_logging_enabled,Ensure that logging is enabled for Amazon Athena workgroups to capture query activity.,"Enabling logging for a workgroup provides valuable insights into query activity, including user actions, query execution details, and potential security events.","Without logging enabled, it can be difficult to track and investigate potential security incidents or unauthorized access to Athena data. This can lead to data breaches, compliance violations, and increased security risks."
autoscaling_find_secrets_ec2_launch_configuration,[DEPRECATED] Find secrets in EC2 Auto Scaling Launch Configuration,[DEPRECATED] Find secrets in EC2 Auto Scaling Launch Configuration,"The use of a hard-coded password increases the possibility of password guessing. If hard-coded passwords are used, it is possible that malicious users gain access through the account in question."
autoscaling_group_capacity_rebalance_enabled,Check if Amazon EC2 Auto Scaling groups have capacity rebalance enabled.,This control checks whether an Amazon EC2 Auto Scaling group has capacity rebalance enabled.,"When you don't use Capacity Rebalancing, Amazon EC2 Auto Scaling doesn't replace Spot Instances until after the Amazon EC2 Spot service interrupts the instances and their health check fails. Before interrupting an instance, Amazon EC2 always gives both an EC2 instance rebalance recommendation and a Spot two-minute instance interruption notice."
autoscaling_group_elb_health_check_enabled,Check if Auto Scaling groups associated with a load balancer use ELB health checks.,This control checks whether an Amazon EC2 Auto Scaling group that is associated with a load balancer uses Elastic Load Balancing (ELB) health checks. The control fails if the Auto Scaling group doesn't use ELB health checks.,"If ELB health checks are not enabled, the Auto Scaling group might not be able to accurately determine the health of instances, which could impact the availability and reliability of the applications running on these instances."
autoscaling_group_launch_configuration_no_public_ip,Check if Amazon EC2 instances launched using Auto Scaling group launch configurations have Public IP addresses.,This control checks whether an Auto Scaling group's associated launch configuration assigns a public IP address to the group's instances. The control fails if the associated launch configuration assigns a public IP address.,"Assigning a public IP address to EC2 instances can expose them directly to the internet, increasing the risk of unauthorized access and potential security breaches."
autoscaling_group_launch_configuration_requires_imdsv2,Check if Auto Scaling group launch configurations require Instance Metadata Service Version 2 (IMDSv2).,"This control checks whether IMDSv2 is enabled on all instances launched by Amazon EC2 Auto Scaling groups. The control fails if the Instance Metadata Service (IMDS) version isn't included in the launch configuration or is configured as token optional, which allows either IMDSv1 or IMDSv2.","If IMDSv2 is not enforced, instances may be vulnerable to certain types of attacks that target the metadata service, potentially exposing sensitive instance information."
autoscaling_group_multiple_az,EC2 Auto Scaling Group should use multiple Availability Zones,EC2 Auto Scaling Group should use multiple Availability Zones,"In case of a failure in a single Availability Zone, the Auto Scaling Group will not be able to launch new instances to replace the failed ones."
autoscaling_group_multiple_instance_types,EC2 Auto Scaling Group should use multiple instance types in multiple Availability Zones.,"This control checks whether an Amazon EC2 Auto Scaling group uses multiple instance types in all the Availability Zones, meaning that there should be multiple Availability Zones with multiple instances on each one. The control fails if the Auto Scaling group has only one instance type defined.","Using only one instance type in an Auto Scaling group reduces the flexibility to launch new instances when there is insufficient capacity for that specific type, potentially affecting the availability of the application."
awslambda_function_inside_vpc,Ensure AWS Lambda Functions Are Deployed Inside a VPC,"This check verifies whether an AWS Lambda function is deployed within a Virtual Private Cloud (VPC). Deploying Lambda functions inside a VPC improves security by allowing control over the network environment, reducing the exposure to public internet threats.","Lambda functions not deployed in a VPC may expose your application to increased security risks, including unauthorized access and data breaches. Without the network isolation provided by a VPC, your Lambda functions are more vulnerable to attacks."
awslambda_function_invoke_api_operations_cloudtrail_logging_enabled,Check if Lambda functions invoke API operations are being recorded by CloudTrail.,Check if Lambda functions invoke API operations are being recorded by CloudTrail.,"If logs are not enabled, monitoring of service use and threat analysis is not possible."
awslambda_function_no_secrets_in_code,Find secrets in Lambda functions code.,Find secrets in Lambda functions code.,"The use of a hard-coded password increases the possibility of password guessing. If hard-coded passwords are used, it is possible that malicious users gain access through the account in question."
awslambda_function_no_secrets_in_variables,Find secrets in Lambda functions variables.,Find secrets in Lambda functions variables.,"The use of a hard-coded password increases the possibility of password guessing. If hard-coded passwords are used, it is possible that malicious users gain access through the account in question."
awslambda_function_not_publicly_accessible,Check if Lambda functions have resource-based policy set as Public.,Check if Lambda functions have resource-based policy set as Public.,Publicly accessible services could expose sensitive data to bad actors.
awslambda_function_url_cors_policy,Check Lambda Function URL CORS configuration.,Check Lambda Function URL CORS configuration.,Publicly accessible services could expose sensitive data to bad actors.
awslambda_function_url_public,Check Public Lambda Function URL.,Check Public Lambda Function URL.,Publicly accessible services could expose sensitive data to bad actors.
awslambda_function_using_supported_runtimes,Find obsolete Lambda runtimes.,Find obsolete Lambda runtimes.,"If you have functions running on a runtime that will be deprecated in the next 60 days, Lambda notifies you by email that you should prepare by migrating your function to a supported runtime. In some cases, such as security issues that require a backwards-incompatible update, or software that does not support a long-term support (LTS) schedule, advance notice might not be possible. After a runtime is deprecated, Lambda might retire it completely at any time by disabling invocation. Deprecated runtimes are not eligible for security updates or technical support."
awslambda_function_vpc_multi_az,Check if AWS Lambda Function VPC is deployed Across Multiple Availability Zones,"This control checks whether an AWS Lambda function connected to a VPC operates in at least the specified number of Availability Zones (AZs). A failure occurs if the function does not operate in the required number of AZs, which by default is two.","A Lambda function not deployed across multiple AZs increases the risk of a single point of failure, which can result in a complete disruption of the function's operations if an AZ becomes unavailable."
backup_plans_exist,Ensure that there is at least one AWS Backup plan,This check ensures that there is at least one backup plan in place.,"Without a backup plan, an organization may be at risk of losing important data due to accidental deletion, system failures, or natural disasters. This can result in significant financial and reputational damage for the organization."
backup_recovery_point_encrypted,Check if AWS Backup recovery points are encrypted at rest.,This control checks if an AWS Backup recovery point is encrypted at rest. The control fails if the recovery point isn't encrypted at rest.,"Without encryption at rest, AWS Backup recovery points are vulnerable to unauthorized access, which could compromise the confidentiality and integrity of the backed-up data."
backup_reportplans_exist,Ensure that there is at least one AWS Backup report plan,This check ensures that there is at least one backup report plan in place.,"Without a backup report plan, an organization may lack visibility into the success or failure of backup operations."
backup_vaults_encrypted,Ensure that AWS Backup vaults are encrypted with AWS KMS,This check ensures that AWS Backup vaults are encrypted with AWS KMS.,"Without encryption using AWS KMS, an organization's backup data may be at risk of unauthorized access, which can lead to data breaches and other security incidents."
backup_vaults_exist,Ensure AWS Backup vaults exist,This check ensures that AWS Backup vaults exist to provide a secure and durable storage location for backup data.,"Without an AWS Backup vault, an organization's critical data may be at risk of being lost in the event of an accidental deletion, system failures, or natural disasters."
bedrock_agent_guardrail_enabled,Ensure that Guardrails are enabled for Amazon Bedrock agent sessions.,This check ensures that Guardrails are enabled to protect Amazon Bedrock agent sessions. Guardrails help mitigate security risks by filtering and blocking harmful or sensitive content during interactions with AI models.,"Without guardrails enabled, Amazon Bedrock agent sessions are vulnerable to harmful prompts or inputs that could expose sensitive information or generate inappropriate content. This could lead to privacy violations, data leaks, or other security risks."
bedrock_guardrail_prompt_attack_filter_enabled,Configure Prompt Attack Filter with the highest strength for Amazon Bedrock Guardrails.,Ensure that prompt attack filter strength is set to HIGH for Amazon Bedrock guardrails to mitigate prompt injection and bypass techniques.,"If prompt attack filter strength is not set to HIGH, Bedrock models may be more vulnerable to prompt injection attacks or jailbreak attempts, which could allow harmful or sensitive content to bypass filters and reach end users."
bedrock_guardrail_sensitive_information_filter_enabled,Configure Sensitive Information Filters for Amazon Bedrock Guardrails.,"Ensure that sensitive information filters are enabled for Amazon Bedrock guardrails to prevent the leakage of sensitive data such as personally identifiable information (PII), financial data, or confidential corporate information.","If sensitive information filters are not enabled, Bedrock models may inadvertently generate or expose confidential or sensitive information in responses, leading to data breaches, regulatory violations, or reputational damage."
bedrock_model_invocation_logging_enabled,Ensure that model invocation logging is enabled for Amazon Bedrock.,"Ensure that model invocation logging is enabled for Amazon Bedrock service in order to collect metadata, requests, and responses for all model invocations in your AWS cloud account.","In Amazon Bedrock, model invocation logging enables you to collect the invocation request and response data, along with metadata, for all 'Converse', 'ConverseStream', 'InvokeModel', and 'InvokeModelWithResponseStream' API calls in your AWS account. Each log entry includes important details such as the timestamp, request ID, model ID, and token usage. Invocation logs can be utilized for troubleshooting, performance enhancements, abuse detection, and security auditing. By default, model invocation logging is disabled."
bedrock_model_invocation_logs_encryption_enabled,Ensure that Amazon Bedrock model invocation logs are encrypted with KMS.,Ensure that Amazon Bedrock model invocation logs are encrypted using AWS KMS to protect sensitive data in the request and response logs for all model invocations.,"If Amazon Bedrock model invocation logs are not encrypted, sensitive data such as prompts, responses, and token usage could be exposed to unauthorized parties. This may lead to data breaches, security vulnerabilities, or unintended use of sensitive information."
cloudformation_stack_outputs_find_secrets,Find secrets in CloudFormation outputs,Find secrets in CloudFormation outputs,Secrets hardcoded into CloudFormation outputs can be used by malware and bad actors to gain lateral access to other services.
cloudformation_stacks_termination_protection_enabled,Enable termination protection for Cloudformation Stacks,Enable termination protection for Cloudformation Stacks,"Without termination protection enabled, a critical cloudformation stack can be accidently deleted."
cloudfront_distributions_custom_ssl_certificate,CloudFront distributions should use custom SSL/TLS certificates.,Ensure that your Amazon CloudFront distributions are configured to use a custom SSL/TLS certificate instead of the default one.,Using the default SSL/TLS certificate provided by CloudFront can limit your ability to use custom domain names and may not align with your organization's security policies or branding requirements.
cloudfront_distributions_default_root_object,Check if CloudFront distributions have a default root object.,Check if CloudFront distributions have a default root object.,"Without a default root object, requests to the root URL may result in an error or expose unintended content, leading to potential security risks and a poor user experience."
cloudfront_distributions_field_level_encryption_enabled,Check if CloudFront distributions have Field Level Encryption enabled.,Check if CloudFront distributions have Field Level Encryption enabled.,Allows you protect specific data throughout system processing so that only certain applications can see it.
cloudfront_distributions_geo_restrictions_enabled,Check if Geo restrictions are enabled in CloudFront distributions.,Check if Geo restrictions are enabled in CloudFront distributions.,"Consider countries where service should not be accessed, by legal or compliance requirements. Additionally if not restricted the attack vector is increased."
cloudfront_distributions_https_enabled,Check if CloudFront distributions are set to HTTPS.,Check if CloudFront distributions are set to HTTPS.,If not enabled sensitive information in transit is not protected. Surveillance and other threats are risks may exists.
cloudfront_distributions_https_sni_enabled,Check if CloudFront distributions are using SNI to serve HTTPS requests.,Check if CloudFront distributions are using SNI to serve HTTPS requests.,"If SNI is not used, CloudFront will allocate a dedicated IP address for each SSL certificate, leading to higher costs and inefficient IP address utilization. This could also complicate scaling and managing multiple distributions, especially if your domain requires multiple SSL certificates."
cloudfront_distributions_logging_enabled,Check if CloudFront distributions have logging enabled.,Check if CloudFront distributions have logging enabled.,If not enabled monitoring of service use is not possible.
cloudfront_distributions_multiple_origin_failover_configured,Check if CloudFront distributions have origin failover enabled.,Check if CloudFront distributions have origin failover enabled.,"Without origin failover, if the primary origin becomes unavailable, your CloudFront distribution may experience downtime, leading to potential service interruptions and a poor user experience."
cloudfront_distributions_origin_traffic_encrypted,Check if CloudFront distributions encrypt traffic to custom origins.,Check if CloudFront distributions encrypt traffic to custom origins.,"Allowing unencrypted HTTP traffic between CloudFront and custom origins can expose data to potential eavesdropping and manipulation, compromising data security and integrity."
cloudfront_distributions_s3_origin_access_control,Check if CloudFront distributions with S3 origin use OAC.,Check if CloudFront distributions use origin access control.,"Without OAC, your S3 bucket could be accessed directly, bypassing CloudFront, which could expose your content to unauthorized access. Additionally, relying on Origin Access Identity (OAI) may limit functionality and security features, making your distribution less secure and more difficult to manage."
cloudfront_distributions_s3_origin_non_existent_bucket,CloudFront distributions should not point to non-existent S3 origins without static website hosting.,This control checks whether Amazon CloudFront distributions are pointing to non-existent Amazon S3 origins without static website hosting. The control fails if the origin is configured to point to a non-existent bucket.,"Pointing a CloudFront distribution to a non-existent S3 bucket can allow malicious actors to create the bucket and potentially serve unauthorized content through your distribution, leading to security and integrity issues."
cloudfront_distributions_using_deprecated_ssl_protocols,Check if CloudFront distributions are using deprecated SSL protocols.,Check if CloudFront distributions are using deprecated SSL protocols.,Using insecure ciphers could affect privacy of in transit information.
cloudfront_distributions_using_waf,Check if CloudFront distributions are using WAF.,Check if CloudFront distributions are using WAF.,"Potential attacks and / or abuse of service, more even for even for internet reachable services."
cloudtrail_bucket_requires_mfa_delete,Ensure the S3 bucket CloudTrail bucket requires MFA delete,Ensure the S3 bucket CloudTrail bucket requires MFA,"If the S3 bucket CloudTrail bucket does not require MFA, it can be deleted by an attacker."
cloudtrail_cloudwatch_logging_enabled,Ensure CloudTrail trails are integrated with CloudWatch Logs,Ensure CloudTrail trails are integrated with CloudWatch Logs,"Sending CloudTrail logs to CloudWatch Logs will facilitate real-time and historic activity logging based on user, API, resource, and IP address, and provides opportunity to establish alarms and notifications for anomalous or sensitivity account activity."
cloudtrail_insights_exist,Ensure CloudTrail Insight is enabled,Ensure CloudTrail Insight is enabled,"CloudTrail Insights provides a powerful way to search and analyze CloudTrail log data using pre-built queries and machine learning algorithms. This can help you to identify potential security threats and suspicious activity in near real-time, such as unauthorized access attempts, policy changes, or resource modifications."
cloudtrail_kms_encryption_enabled,Ensure CloudTrail logs are encrypted at rest using KMS CMKs,Ensure CloudTrail logs are encrypted at rest using KMS CMKs,"By default, the log files delivered by CloudTrail to your bucket are encrypted by Amazon server-side encryption with Amazon S3-managed encryption keys (SSE-S3). To provide a security layer that is directly manageable, you can instead use server-side encryption with AWS KMSâ€“managed keys (SSE-KMS) for your CloudTrail log files."
cloudtrail_log_file_validation_enabled,Ensure CloudTrail log file validation is enabled,Ensure CloudTrail log file validation is enabled,Enabling log file validation will provide additional integrity checking of CloudTrail logs.
cloudtrail_logs_s3_bucket_access_logging_enabled,Ensure S3 bucket access logging is enabled on the CloudTrail S3 bucket,Ensure S3 bucket access logging is enabled on the CloudTrail S3 bucket,"Server access logs can assist you in security and access audits, help you learn about your customer base, and understand your Amazon S3 bill."
cloudtrail_logs_s3_bucket_is_not_publicly_accessible,Ensure the S3 bucket CloudTrail logs is not publicly accessible,Ensure the S3 bucket CloudTrail logs to is not publicly accessible,Allowing public access to CloudTrail log content may aid an adversary in identifying weaknesses in the affected accounts use or configuration.
cloudtrail_multi_region_enabled,Ensure CloudTrail is enabled in all regions,Ensure CloudTrail is enabled in all regions,"AWS CloudTrail is a web service that records AWS API calls for your account and delivers log files to you. The recorded information includes the identity of the API caller, the time of the API call, the source IP address of the API caller, the request parameters, and the response elements returned by the AWS service."
cloudtrail_multi_region_enabled_logging_management_events,Ensure CloudTrail logging management events in All Regions,Ensure CloudTrail logging management events in All Regions,"AWS CloudTrail enables governance, compliance, operational auditing, and risk auditing of your AWS account. To meet FTR requirements, you must have management events enabled for all AWS accounts and in all regions and aggregate these logs into an Amazon Simple Storage Service (Amazon S3) bucket owned by a separate AWS account."
cloudtrail_s3_dataevents_read_enabled,Check if S3 buckets have Object-level logging for read events is enabled in CloudTrail.,"Ensure that all your AWS CloudTrail trails are configured to log Data events in order to record S3 object-level API operations, such as GetObject, DeleteObject and PutObject, for individual S3 buckets or for all current and future S3 buckets provisioned in your AWS account.","If logs are not enabled, monitoring of service use and threat analysis is not possible."
cloudtrail_s3_dataevents_write_enabled,Check if S3 buckets have Object-level logging for write events is enabled in CloudTrail.,"Ensure that all your AWS CloudTrail trails are configured to log Data events in order to record S3 object-level API operations, such as GetObject, DeleteObject and PutObject, for individual S3 buckets or for all current and future S3 buckets provisioned in your AWS account.","If logs are not enabled, monitoring of service use and threat analysis is not possible."
cloudtrail_threat_detection_enumeration,Ensure there are no potential enumeration threats in CloudTrail,This check ensures that there are no potential enumeration threats in CloudTrail.,Potential enumeration threats in CloudTrail can lead to unauthorized access to resources.
cloudtrail_threat_detection_llm_jacking,Ensure there are no potential LLM Jacking threats in CloudTrail.,"This check ensures that there are no potential LLM Jacking threats in CloudTrail. LLM Jacking attacks involve unauthorized access to cloud-hosted large language model (LLM) services, such as AWS Bedrock, by exploiting exposed credentials or vulnerabilities. These attacks can lead to resource hijacking, unauthorized model invocations, and high operational costs for the victim organization.","Potential LLM Jacking threats in CloudTrail can lead to unauthorized access to sensitive AI models, stolen credentials, resource hijacking, or running costly workloads. Attackers may use reverse proxies or malicious credentials to sell access to models, exfiltrate sensitive data, or disrupt business operations."
cloudtrail_threat_detection_privilege_escalation,Ensure there are no potential privilege escalation threats in CloudTrail,This check ensures that there are no potential privilege escalation threats in CloudTrail.,Potential privilege escalation threats in CloudTrail can lead to unauthorized access to resources.
cloudwatch_alarm_actions_alarm_state_configured,Check if CloudWatch alarms have specified actions configured for the ALARM state.,This control checks whether an Amazon CloudWatch alarm has at least one action configured for the ALARM state. The control fails if the alarm doesn't have an action configured for the ALARM state.,"Without an action configured for the ALARM state, the CloudWatch alarm will not notify you or take any predefined action when a monitored metric goes beyond the defined threshold, potentially delaying responses to critical events."
cloudwatch_alarm_actions_enabled,Check if CloudWatch alarms have actions enabled,"Alarm actions automatically alert you when a monitored metric is outside the defined threshold. If the alarm action is deactivated, no actions are run when the alarm changes state, and you won't be alerted to changes in monitored metrics. We recommend activating CloudWatch alarm actions to help you quickly respond to security and operational issues.","Without active alarm actions, you may not be alerted to security or operational issues, potentially leading to delayed responses and increased risk."
cloudwatch_changes_to_network_acls_alarm_configured,Ensure a log metric filter and alarm exist for changes to Network Access Control Lists (NACL).,Ensure a log metric filter and alarm exist for changes to Network Access Control Lists (NACL).,Monitoring unauthorized API calls will help reveal application errors and may reduce time to detect malicious activity.
cloudwatch_changes_to_network_gateways_alarm_configured,Ensure a log metric filter and alarm exist for changes to network gateways.,Ensure a log metric filter and alarm exist for changes to network gateways.,Monitoring unauthorized API calls will help reveal application errors and may reduce time to detect malicious activity.
cloudwatch_changes_to_network_route_tables_alarm_configured,Ensure route table changes are monitored,"Real-time monitoring of API calls can be achieved by directing Cloud Trail Logs to CloudWatch Logs, or an external Security information and event management (SIEM)environment, and establishing corresponding metric filters and alarms. Routing tablesare used to route network traffic between subnets and to network gateways. It isrecommended that a metric filter and alarm be established for changes to route tables.","CloudWatch is an AWS native service that allows you to ob serve and monitor resources and applications. CloudTrail Logs can also be sent to an external Security informationand event management (SIEM) environment for monitoring and alerting.Monitoring changes to route tables will help ensure that all VPC traffic flows through anexpected path and prevent any accidental or intentional modifications that may lead touncontrolled network traffic. An alarm should be triggered every time an AWS API call isperformed to create, replace, delete, or disassociate a Route Table."
cloudwatch_changes_to_vpcs_alarm_configured,Ensure a log metric filter and alarm exist for VPC changes.,Ensure a log metric filter and alarm exist for VPC changes.,Monitoring unauthorized API calls will help reveal application errors and may reduce time to detect malicious activity.
cloudwatch_cross_account_sharing_disabled,Check if CloudWatch has allowed cross-account sharing.,Check if CloudWatch has allowed cross-account sharing.,Cross-Account access to CloudWatch could increase the risk of compromising information between accounts.
cloudwatch_log_group_kms_encryption_enabled,Check if CloudWatch log groups are protected by AWS KMS.,Check if CloudWatch log groups are protected by AWS KMS.,Using customer managed KMS to encrypt CloudWatch log group provide additional confidentiality and control over the log data.
cloudwatch_log_group_no_critical_pii_in_logs,,,
cloudwatch_log_group_no_secrets_in_logs,Check if secrets exists in CloudWatch logs.,Check if secrets exists in CloudWatch logs,Storing sensitive data in CloudWatch logs could allow an attacker with read-only access to escalate their privileges or gain unauthorised access to systems.
cloudwatch_log_group_not_publicly_accessible,Ensure that CloudWatch Log Groups are not publicly accessible,This check ensures that no CloudWatch Log Groups are publicly accessible by checking for resource policies that allow access from any entity (Principal: '*'). Publicly exposed log groups pose a serious security risk as sensitive log data could be accessed by unauthorized parties.,"Publicly accessible CloudWatch Log Groups can expose sensitive information, leading to data breaches or unauthorized access. It is important to ensure that log groups are only accessible by trusted entities."
cloudwatch_log_group_retention_policy_specific_days_enabled,Check if CloudWatch Log Groups have a retention policy of specific days.,Check if CloudWatch Log Groups have a retention policy of specific days.,"If log groups have a low retention policy of less than specific days, crucial logs and data can be lost."
cloudwatch_log_metric_filter_and_alarm_for_aws_config_configuration_changes_enabled,Ensure a log metric filter and alarm exist for AWS Config configuration changes.,Ensure a log metric filter and alarm exist for AWS Config configuration changes.,Monitoring unauthorized API calls will help reveal application errors and may reduce time to detect malicious activity.
cloudwatch_log_metric_filter_and_alarm_for_cloudtrail_configuration_changes_enabled,Ensure a log metric filter and alarm exist for CloudTrail configuration changes.,Ensure a log metric filter and alarm exist for CloudTrail configuration changes.,Monitoring unauthorized API calls will help reveal application errors and may reduce time to detect malicious activity.
cloudwatch_log_metric_filter_authentication_failures,Ensure a log metric filter and alarm exist for AWS Management Console authentication failures.,Ensure a log metric filter and alarm exist for AWS Management Console authentication failures.,Monitoring unauthorized API calls will help reveal application errors and may reduce time to detect malicious activity.
cloudwatch_log_metric_filter_aws_organizations_changes,Ensure a log metric filter and alarm exist for AWS Organizations changes.,Ensure a log metric filter and alarm exist for AWS Organizations changes.,Monitoring unauthorized API calls will help reveal application errors and may reduce time to detect malicious activity.
cloudwatch_log_metric_filter_disable_or_scheduled_deletion_of_kms_cmk,Ensure a log metric filter and alarm exist for disabling or scheduled deletion of customer created KMS CMKs.,Ensure a log metric filter and alarm exist for disabling or scheduled deletion of customer created KMS CMKs.,Monitoring unauthorized API calls will help reveal application errors and may reduce time to detect malicious activity.
cloudwatch_log_metric_filter_for_s3_bucket_policy_changes,Ensure a log metric filter and alarm exist for S3 bucket policy changes.,Ensure a log metric filter and alarm exist for S3 bucket policy changes.,Monitoring unauthorized API calls will help reveal application errors and may reduce time to detect malicious activity.
cloudwatch_log_metric_filter_policy_changes,Ensure a log metric filter and alarm exist for IAM policy changes.,Ensure a log metric filter and alarm exist for IAM policy changes.,Monitoring unauthorized API calls will help reveal application errors and may reduce time to detect malicious activity.
cloudwatch_log_metric_filter_root_usage,Ensure a log metric filter and alarm exist for usage of root account.,Ensure a log metric filter and alarm exist for usage of root account.,Monitoring unauthorized API calls will help reveal application errors and may reduce time to detect malicious activity.
cloudwatch_log_metric_filter_security_group_changes,Ensure a log metric filter and alarm exist for security group changes.,Ensure a log metric filter and alarm exist for security group changes.,Monitoring unauthorized API calls will help reveal application errors and may reduce time to detect malicious activity.
cloudwatch_log_metric_filter_sign_in_without_mfa,Ensure a log metric filter and alarm exist for Management Console sign-in without MFA.,Ensure a log metric filter and alarm exist for Management Console sign-in without MFA.,Monitoring unauthorized API calls will help reveal application errors and may reduce time to detect malicious activity.
cloudwatch_log_metric_filter_unauthorized_api_calls,Ensure a log metric filter and alarm exist for unauthorized API calls.,Ensure a log metric filter and alarm exist for unauthorized API calls.,Monitoring unauthorized API calls will help reveal application errors and may reduce time to detect malicious activity.
codeartifact_packages_external_public_publishing_disabled,Ensure CodeArtifact internal packages do not allow external public source publishing.,Ensure CodeArtifact internal packages do not allow external public source publishing.,Allowing package versions of a package to be added both by direct publishing and ingesting from public repositories makes you vulnerable to a dependency substitution attack.
codebuild_project_artifact_encryption,,,
codebuild_project_envvar_awscred_check,,,
codebuild_project_logging_enabled,Ensure that CodeBuild projects have S3 or CloudWatch logging enabled,Ensure that CodeBuild projects have S3 or CloudWatch logging enabled.,"Without logging, tracking and investigating security incidents in CodeBuild projects becomes challenging, reducing confidence in threat detections."
codebuild_project_no_secrets_in_variables,Ensure CodeBuild projects do not contain secrets on plaintext environment variables,This check ensures that AWS CodeBuild projects do not contain secrets in environment variables.,"Using plaintext AWS credentials in CodeBuild project environment variables can expose these sensitive keys, leading to unauthorized access and potential security breaches."
codebuild_project_older_90_days,Ensure CodeBuild Project has been invoked in the last 90 days,Ensure CodeBuild Project has been invoked in the last 90 days,Older CodeBuild projects can be checked to see if they are currently in use.
codebuild_project_s3_logs_encrypted,Ensure S3 Logs for CodeBuild Projects are encrypted at rest.,Ensure that the S3 logs for CodeBuild projects are encrypted at rest.,"If the logs are not encrypted, sensitive information could be exposed to unauthorized users."
codebuild_project_source_repo_url_check,,,
codebuild_project_source_repo_url_no_sensitive_credentials,Ensure CodeBuild project source repository URLs do not contain sensitive credentials,This check ensures an AWS CodeBuild project source repository URL doesn't contain personal access tokens or a user name and password. The check fails if the source repository URL contains personal access tokens or a user name and password.,"Storing or transmitting sign-in credentials in clear text or including them in the source repository URL can lead to unintended data exposure or unauthorized access, potentially compromising the security of the system."
codebuild_project_user_controlled_buildspec,Ensure CodeBuild Project uses a controlled buildspec,Ensure CodeBuild Project uses a controlled buildspec,The CodeBuild projects with user controlled buildspec
codebuild_report_group_export_encrypted,CodeBuild report group exports are encrypted at rest,Ensure that CodeBuild report group exports are encrypted at rest.,"If CodeBuild report group exports are not encrypted, sensitive data could be exposed to unauthorized access."
cognito_identity_pool_guest_access_disabled,Ensure Cognito Identity Pool has guest access disabled,"Guest access allows unauthenticated users to access your identity pool. This is useful for public websites that allow users to sign in with a social identity provider, but it can also be a security risk. If you don't need guest access, you should disable it.","If guest access is enabled, unauthenticated users can access your identity pool. This can be a security risk if you don't need guest access."
cognito_user_pool_advanced_security_enabled,Ensure cognito user pools has advanced security enabled with full-function,"Advanced security features for Amazon Cognito User Pools provide additional security for your user pool. These features include compromised credentials protection, phone number verification, and account takeover protection.","If advanced security features are not enabled, your user pool is more vulnerable to unauthorized access."
cognito_user_pool_blocks_compromised_credentials_sign_in_attempts,Ensure that advanced security features are enabled for Amazon Cognito User Pools to block sign-in by users with suspected compromised credentials,"Amazon Cognito User Pools can be configured to block sign-in by users with suspected compromised credentials. This feature uses Amazon Cognito advanced security features to detect anomalous sign-in attempts and block them. When enabled, Amazon Cognito User Pools will block sign-in by users with suspected compromised credentials. This helps protect your users from unauthorized access to their accounts.","If advanced security features are not enabled for an Amazon Cognito User Pool, users with compromised credentials may be able to sign in to their accounts. This could lead to unauthorized access to user data and other resources."
cognito_user_pool_blocks_potential_malicious_sign_in_attempts,Ensure that your Amazon Cognito user pool blocks potential malicious sign-in attempts,"Amazon Cognito provides adaptive authentication, which helps protect your applications from malicious actors and compromised credentials by evaluating the risk associated with each user login and providing the appropriate level of security to mitigate that risk. Adaptive authentication is a feature of advanced security that you can enable for your user pool. When adaptive authentication is enabled, Amazon Cognito evaluates the risk associated with each user login and provides the appropriate level of security to mitigate that risk. You can configure adaptive authentication to block sign-in attempts that are likely to be malicious.","If adaptive authentication with automatic risk response as block sign-in is not enabled, your user pool may not be able to block sign-in attempts that are likely to be malicious."
cognito_user_pool_client_prevent_user_existence_errors,Amazon Cognito User Pool should prevent user existence errors,"Amazon Cognito User Pool should be configured to prevent user existence errors. This setting prevents user existence errors by requiring the user to enter a username and password to sign in. If the user does not exist, the user will receive an error message.",Revealing user existence errors can be a security risk as it can allow an attacker to determine if a user exists in the system. This can be used to perform user enumeration attacks.
cognito_user_pool_client_token_revocation_enabled,Ensure that token revocation is enabled for Amazon Cognito User Pools,"Token revocation is a security feature that allows you to revoke tokens and end sessions for users. When you enable token revocation, Amazon Cognito automatically revokes tokens for users who sign out or are deleted. This helps protect your users' data and prevent unauthorized access to your resources.","If token revocation is not enabled, users' tokens will not be revoked when they sign out or are deleted. This can lead to unauthorized access to your resources."
cognito_user_pool_deletion_protection_enabled,Ensure cognito user pools deletion protection enabled to prevent accidental deletion,"Deletion protection is a feature that allows you to lock a user pool to prevent it from being deleted. When deletion protection is enabled, you cannot delete the user pool. By default, deletion protection is disabled","If deletion protection is not enabled, the user pool can be deleted by any user with the necessary permissions. This can lead to loss of data and service disruption"
cognito_user_pool_mfa_enabled,Ensure Multi-Factor Authentication (MFA) is enabled for Amazon Cognito User Pools,Checks whether Multi-Factor Authentication (MFA) is enabled for Amazon Cognito User Pools.,"If MFA is not enabled, unauthorized users could gain access to the user pool and potentially compromise the security of the application."
cognito_user_pool_password_policy_lowercase,Ensure Cognito User Pool has password policy to require at least one lowercase letter,User pool password policy should require at least one lowercase letter.,"If the password policy does not require at least one lowercase letter, it may be easier for an attacker to crack the password."
cognito_user_pool_password_policy_minimum_length_14,Ensure that the password policy for your user pools require a minimum length of 14 or greater,User pools allow you to configure a password policy for your user pool to specify complexity requirements for user passwords. The password policy for your user pools should require a minimum length of 14 or greater.,"If the password policy for your user pools does not require a minimum length of 14 or greater, it may be easier for attackers to guess or brute force user passwords."
cognito_user_pool_password_policy_number,Ensure that the password policy for your user pool requires a number,Checks whether the password policy for your user pool requires a number.,"If the password policy for your user pool does not require a number, the user pool is less secure and more vulnerable to attacks."
cognito_user_pool_password_policy_symbol,Ensure that the password policy for your Amazon Cognito user pool requires at least one symbol.,Check whether the password policy for your Amazon Cognito user pool requires at least one symbol.,"If the password policy for your Amazon Cognito user pool does not require at least one symbol, it can be easier for attackers to crack passwords."
cognito_user_pool_password_policy_uppercase,Ensure that the password policy for your user pool requires at least one uppercase letter,"User pools allow you to configure a password policy for your user pool to specify requirements for user passwords. You can require that passwords have a minimum length, contain at least one uppercase letter, and contain at least one number. You can also require that passwords have at least one special character. You can also set the password policy to require that passwords be case-sensitive.","If the password policy for your user pool does not require at least one uppercase letter, it may be easier for an attacker to guess or crack user passwords."
cognito_user_pool_self_registration_disabled,Ensure self registration is disabled for Amazon Cognito User Pools,"Checks whether self registration is disabled for the Amazon Cognito User Pool. Self registration allows users to sign up for an account in the user pool. If self registration is enabled, users can sign up for an account in the user pool without any intervention from the administrator. This can lead to unauthorized access to the application.","If self registration is enabled, users can sign up for an account in the user pool without any intervention from the administrator. This can lead to unauthorized access to the application."
cognito_user_pool_temporary_password_expiration,Ensure that the user pool has a temporary password expiration period of 7 days or less,"Temporary passwords are set by the administrator and are used to allow users to sign in and change their password. Temporary passwords are valid for a limited period of time, after which they expire. Temporary passwords are used when an administrator creates a new user account or resets a user password. The temporary password expiration period is the length of time that the temporary password is valid. The default value is 7 days. You can set the expiration period to a value between 0 and 365 days.","If the temporary password expiration period is too long, it increases the risk of unauthorized access to the user account. If the temporary password expiration period is too short, it increases the risk of users being unable to sign in and change their password."
cognito_user_pool_waf_acl_attached,Ensure that Amazon Cognito User Pool is associated with a WAF Web ACL,"Web ACLs are used to control access to your content. You can use a Web ACL to control who can access your content. You can also use a Web ACL to block requests based on IP address, HTTP headers, HTTP body, URI, or URI query string parameters. You can associate a Web ACL with a Cognito User Pool to control access to your content.","If a Web ACL is not associated with a Cognito User Pool, then the content is not protected by the Web ACL. This could lead to unauthorized access to your content."
config_recorder_all_regions_enabled,Ensure AWS Config is enabled in all regions.,Ensure AWS Config is enabled in all regions.,"The AWS configuration item history captured by AWS Config enables security analysis, resource change tracking and compliance auditing."
config_recorder_using_aws_service_role,Ensure Config Recorder is using service-linked AWS Config role,"AWS Config uses an IAM role to access other AWS services. This role should be AWSServiceRoleForConfig, not a custom role. Using AWSServiceRoleForConfig ensures that the Config recorder has the necessary permissions to record configuration changes and that the role is managed by AWS, reducing the risk of misconfiguration.","If the Config recorder is not using AWSServiceRoleForConfig, it may not have the necessary permissions to record configuration changes, which could lead in not following the principle of least privilege, which could lead to misconfiguration and potential security vulnerabilities."
controllermanager_bind_address,Ensure that the --bind-address argument is set to 127.0.0.1,This check verifies that the Kubernetes Controller Manager is bound to the loopback address (127.0.0.1) to minimize the cluster's attack surface. Binding to the loopback address ensures that the Controller Manager API service is not exposed to unauthorized network access.,Binding the Controller Manager to a non-loopback address exposes sensitive health and metrics information without authentication or encryption.
controllermanager_disable_profiling,Ensure that the --profiling argument is set to false,"This check ensures that profiling is disabled in the Kubernetes Controller Manager, reducing the potential attack surface.","Enabling profiling can expose detailed system and program information, which could be exploited if accessed by unauthorized users."
controllermanager_garbage_collection,Ensure that the --terminated-pod-gc-threshold argument is set as appropriate,"Activate garbage collector on pod termination, as appropriate. Garbage collection is crucial for maintaining resource availability and performance. The default threshold for garbage collection is 12,500 terminated pods, which may be too high for some systems. Adjusting this threshold based on system resources and performance tests is recommended.","A high threshold for garbage collection can lead to degraded performance and resource exhaustion. In extreme cases, it might cause system crashes or prolonged unavailability."
controllermanager_root_ca_file_set,Ensure that the --root-ca-file argument is set as appropriate,"This check verifies that the Kubernetes Controller Manager is configured with the --root-ca-file argument set to a certificate bundle file, allowing pods to verify the API server's serving certificate.",Not setting the root CA file can expose pods to man-in-the-middle attacks due to unverified TLS connections to the API server.
controllermanager_rotate_kubelet_server_cert,Ensure that the RotateKubeletServerCertificate argument is set to true,"This check ensures that the Kubernetes Controller Manager is configured with the RotateKubeletServerCertificate argument set to true, enabling automated rotation of kubelet server certificates.",Not enabling kubelet server certificate rotation could lead to downtime due to expired certificates.
controllermanager_service_account_credentials,Ensure that the --use-service-account-credentials argument is set to true,"This check verifies that the Kubernetes Controller Manager is configured to use individual service account credentials for each controller, enhancing the security and role separation within the Kubernetes system.",Not using individual service account credentials can lead to overly broad permissions and potential security risks.
controllermanager_service_account_private_key_file,Ensure that the --service-account-private-key-file argument is set as appropriate,This check ensures that the Kubernetes Controller Manager is configured with the --service-account-private-key-file argument set to the private key file for service accounts.,Not setting a private key file for service accounts can hinder the ability to securely rotate service account tokens.
core_minimize_admission_hostport_containers,Minimize the admission of containers which use HostPorts,This check ensures that Kubernetes clusters are configured to minimize the admission of containers that require the use of HostPorts. This helps maintain network policy controls and reduce security risks.,"Permitting containers with HostPorts can bypass network policy controls, increasing the risk of unauthorized network access."
core_minimize_admission_windows_hostprocess_containers,Minimize the admission of Windows HostProcess Containers,"This check ensures that Kubernetes clusters are configured to minimize the admission of Windows containers with the hostProcess flag set to true, thus reducing the risk of privilege escalation and security breaches.",Allowing Windows containers with hostProcess can lead to increased security risks due to privileged access to Windows nodes.
core_minimize_allowPrivilegeEscalation_containers,Minimize the admission of containers with allowPrivilegeEscalation,"This check ensures that Kubernetes clusters are configured to minimize the admission of containers that have the allowPrivilegeEscalation flag set to true, preventing processes within containers from gaining additional privileges.","Allowing containers with allowPrivilegeEscalation can lead to elevated privileges within the container's context, posing a security risk."
core_minimize_containers_added_capabilities,Minimize the admission of containers with added capabilities,"This check ensures that Kubernetes clusters are configured to minimize the admission of containers with capabilities assigned beyond the default set, mitigating the risks of container breakout attacks.",Allowing containers with additional capabilities increases the risk of security breaches and container breakout attacks.
core_minimize_containers_capabilities_assigned,Minimize the admission of containers with capabilities assigned,"This check ensures that Kubernetes clusters are configured to minimize the admission of containers with Linux capabilities assigned, adhering to the principle of least privilege and reducing the risk of privilege escalation.",Assigning unnecessary Linux capabilities to containers increases the risk of privilege escalation and security breaches.
core_minimize_hostIPC_containers,Minimize the admission of containers wishing to share the host IPC namespace,"This check ensures that Kubernetes clusters are configured to minimize the admission of containers that share the host's IPC namespace. Containers with hostIPC can interact with processes outside of the container, potentially leading to security risks.",Allowing containers to share the host's IPC namespace without strict control can lead to security risks and potential privilege escalations.
core_minimize_hostNetwork_containers,Minimize the admission of containers wishing to share the host network namespace,"This check ensures that Kubernetes clusters are configured to minimize the admission of containers that share the host's network namespace. Containers with hostNetwork can access local network traffic and other pods, potentially leading to security risks.",Allowing containers to share the host's network namespace without strict control can lead to security risks and potential network breaches.
core_minimize_hostPID_containers,Minimize the admission of containers wishing to share the host process ID namespace,"This check ensures that Kubernetes clusters are configured to minimize the admission of containers that share the host's process ID namespace. Containers with hostPID can inspect and interact with processes outside of the container, potentially leading to privilege escalation.",Allowing containers to share the host's PID namespace without strict control can lead to security risks and potential privilege escalations.
core_minimize_net_raw_capability_admission,Minimize the admission of containers with the NET_RAW capability,"This check ensures that Kubernetes clusters are configured to minimize the admission of containers with the potentially dangerous NET_RAW capability, which can be exploited by malicious containers.",Allowing containers with NET_RAW capability increases the risk of network attacks and privilege escalation.
core_minimize_privileged_containers,Minimize the admission of privileged containers,"This check ensures that Kubernetes clusters are configured to minimize the admission of privileged containers, which have access to all Linux Kernel capabilities and devices. The use of privileged containers should be controlled and restricted to specific use-cases.",Permitting privileged containers by default can lead to security vulnerabilities as these containers have elevated privileges equivalent to the host.
core_minimize_root_containers_admission,Minimize the admission of root containers,This check ensures that Kubernetes clusters are configured to minimize the admission of containers running as the root user. Running containers as root increases the risk of container breakout and should be restricted.,Allowing containers to run as root can lead to elevated risk of security breaches and container breakout.
core_no_secrets_envs,Prefer using secrets as files over secrets as environment variables,"This check ensures that secrets in Kubernetes are used as files rather than environment variables. Using secrets as files is safer, as it reduces the risk of exposing sensitive data through application logs.","Secrets exposed as environment variables can be inadvertently logged by applications, leading to potential security breaches."
core_seccomp_profile_docker_default,Ensure that the seccomp profile is set to docker/default in your pod definitions,"This check verifies that the docker/default seccomp profile is enabled in pod definitions. Enabling seccomp profiles helps restrict the set of system calls applications can make, enhancing the security of workloads in the cluster.","Not using or incorrectly configuring seccomp profiles can leave containers with broader permissions, increasing the risk of malicious actions."
datasync_task_logging_enabled,DataSync tasks should have logging enabled,This control checks if AWS DataSync tasks have logging enabled. The control fails if the task doesn't have the CloudWatchLogGroupArn property defined.,"Without logging enabled, important operational data may be lost, making it difficult to troubleshoot issues, monitor performance, and ensure compliance with auditing requirements."
directconnect_connection_redundancy,Ensure Direct Connect connections are redundant,Checks the resilience of the AWS Direct Connect used to connect your on-premises.,"This check alerts you if any Direct Connect connections are not redundant and the connections are coming from two distinct Direct Connect locations. Lack of location resiliency can result in unexpected downtime during maintenance, a fiber cut, a device failure, or a complete location failure."
directconnect_virtual_interface_redundancy,Ensure Direct Connect virtual interface(s) are providing redundant connections,Checks the resilience of the AWS Direct Connect used to connect your on-premises to each Direct Connect gateway or virtual private gateway.,"This check alerts you if any Direct Connect gateway or virtual private gateway isn't configured with virtual interfaces across at least two distinct Direct Connect locations. Lack of location resiliency can result in unexpected downtime during maintenance, a fiber cut, a device failure, or a complete location failure."
directoryservice_directory_log_forwarding_enabled,Directory Service monitoring with CloudWatch logs.,Directory Service monitoring with CloudWatch logs.,"As a best practice, monitor your organization to ensure that changes are logged. This helps you to ensure that any unexpected change can be investigated and unwanted changes can be rolled back."
directoryservice_directory_monitor_notifications,Directory Service has SNS Notifications enabled.,Directory Service has SNS Notifications enabled.,"As a best practice, monitor status of Directory Service. This helps to avoid late actions to fix Directory Service issues."
directoryservice_directory_snapshots_limit,Directory Service Manual Snapshots limit reached.,Directory Service Manual Snapshots limit reached.,A limit reached can bring unwanted results. The maximum number of manual snapshots is a hard limit.
directoryservice_ldap_certificate_expiration,Directory Service LDAP Certificates expiration.,Directory Service Manual Snapshots limit reached.,Expired certificates can impact service availability.
directoryservice_radius_server_security_protocol,Ensure Radius server in DS is using the recommended security protocol.,Ensure Radius server in DS is using the recommended security protocol.,"As a best practice, you might need to configure the authentication protocol between the Microsoft AD DCs and the RADIUS/MFA server. Supported protocols are PAP, CHAP MS-CHAPv1, and MS-CHAPv2. MS-CHAPv2 is recommended because it provides the strongest security of the three options."
directoryservice_supported_mfa_radius_enabled,Ensure Multi-Factor Authentication (MFA) using Radius Server is enabled in DS.,Ensure Multi-Factor Authentication (MFA) using Radius Server is enabled in DS.,Multi-Factor Authentication (MFA) adds an extra layer of authentication assurance beyond traditional username and password.
dlm_ebs_snapshot_lifecycle_policy_exists,Ensure EBS Snapshot lifecycle policies are defined.,Ensure EBS Snapshot lifecycle policies are defined.,"With AWS DLM service, you can manage the lifecycle of your EBS volume snapshots. By automating the EBS volume backup management using lifecycle policies, you can protect your EBS data by enforcing a regular backup schedule, retain backups as required by auditors or internal compliance."
dms_endpoint_mongodb_authentication_enabled,Check if DMS endpoints for MongoDB have an authentication mechanism enabled.,This control checks whether an AWS DMS endpoint for MongoDB is configured with an authentication mechanism. The control fails if an authentication type isn't set for the endpoint.,"Without an authentication mechanism enabled, unauthorized users may gain access to sensitive data during migration, increasing the risk of data breaches and security incidents."
dms_endpoint_neptune_iam_authorization_enabled,Check if DMS endpoints for Neptune databases have IAM authorization enabled.,This control checks whether an AWS DMS endpoint for an Amazon Neptune database is configured with IAM authorization. The control fails if the DMS endpoint doesn't have IAM authorization enabled.,"Without IAM authorization, DMS endpoints for Neptune databases may lack granular access control, increasing the risk of unauthorized access to sensitive data."
dms_endpoint_redis_in_transit_encryption_enabled,Check if DMS endpoints for Redis OSS are encrypted in transit.,This control checks whether an AWS DMS endpoint for Redis OSS is configured with a TLS connection. The control fails if the endpoint doesn't have TLS enabled.,"Without TLS, data transmitted between databases may be vulnerable to interception or eavesdropping, increasing the risk of data breaches and other security incidents."
dms_endpoint_ssl_enabled,Ensure SSL mode is enabled in DMS endpoint,This check ensures that SSL mode is enabled for all AWS Database Migration Service (DMS) endpoints. Enabling SSL provides encryption in transit for data transferred through these endpoints.,"Without SSL enabled, data transferred through DMS endpoints is not encrypted, potentially exposing sensitive information to unauthorized access or interception during transit."
dms_instance_minor_version_upgrade_enabled,Ensure DMS instances have auto minor version upgrade enabled.,Ensure DMS instances have auto minor version upgrade enabled.,Ensure that your Amazon Database Migration Service (DMS) replication instances have the Auto Minor Version Upgrade feature enabled in order to receive automatically minor engine upgrades.
dms_instance_multi_az_enabled,Ensure DMS instances have multi az enabled.,Ensure DMS instances have multi az enabled.,"Ensure that your Amazon Database Migration Service (DMS) replication instances are using Multi-AZ deployment configurations to provide High Availability (HA) through automatic failover to standby replicas in the event of a failure such as an Availability Zone (AZ) outage, an internal hardware or network outage, a software failure or in case of a planned maintenance session."
dms_instance_no_public_access,Ensure DMS instances are not publicly accessible.,Ensure DMS instances are not publicly accessible.,"Ensure that your Amazon Database Migration Service (DMS) are not publicly accessible from the Internet in order to avoid exposing private data and minimize security risks. A DMS replication instance should have a private IP address and the Publicly Accessible feature disabled when both the source and the target databases are in the same network that is connected to the instance's VPC through a VPN, VPC peering connection, or using an AWS Direct Connect dedicated connection."
dms_replication_task_source_logging_enabled,Check if DMS replication tasks for the source database have logging enabled.,This control checks whether logging is enabled with the minimum severity level of LOGGER_SEVERITY_DEFAULT for DMS replication tasks SOURCE_CAPTURE and SOURCE_UNLOAD. The control fails if logging isn't enabled for these tasks or if the minimum severity level is less than LOGGER_SEVERITY_DEFAULT.,"Without logging enabled, issues in data migration may go undetected, affecting the integrity and compliance of replicated data."
dms_replication_task_target_logging_enabled,Check if DMS replication tasks for the target database have logging enabled.,This control checks whether logging is enabled with the minimum severity level of LOGGER_SEVERITY_DEFAULT for DMS replication tasks TARGET_APPLY and TARGET_LOAD. The control fails if logging isn't enabled for these tasks or if the minimum severity level is less than LOGGER_SEVERITY_DEFAULT.,"Without logging enabled, issues in data migration may go undetected, affecting the integrity and compliance of replicated data."
documentdb_cluster_backup_enabled,Check if DocumentDB Clusters have backup enabled.,Check if DocumentDB Clusters have backup enabled.,Ensure that your Amazon DocumentDB database clusters have set a minimum backup retention period in order to achieve compliance requirements in your organization.
documentdb_cluster_cloudwatch_log_export,Check if DocumentDB clusters are using the log export feature.,Check if DocumentDB clusters are using the log export feature.,"Ensure that all your Amazon DocumentDB clusters are using the Log Exports feature in order to publish audit logs directly to CloudWatch Logs. The events recorded by Log Exports include events such as successful and failed authentication attempts, creating indexes, or dropping collections in DocumentDB databases."
documentdb_cluster_deletion_protection,Check if DocumentDB Clusters has deletion protection enabled.,Check if DocumentDB Clusters has deletion protection enabled.,Enabling cluster deletion protection offers an additional layer of protection against accidental database deletion or deletion by an unauthorized user. A DocumentDB cluster can't be deleted while deletion protection is enabled. You must first disable deletion protection before a delete request can succeed.
documentdb_cluster_multi_az_enabled,Ensure DocumentDB Cluster have Multi-AZ enabled.,Ensure DocumentDB Cluster have Multi-AZ enabled.,"Ensure that your Amazon DocumentDB Clusters are using Multi-AZ deployment configurations to provide High Availability (HA) through automatic failover to standby replicas in the event of a failure such as an Availability Zone (AZ) outage, an internal hardware or network outage, a software failure or in case of a planned maintenance session."
documentdb_cluster_public_snapshot,Check if DocumentDB manual cluster snapshot is public.,Check if DocumentDB manual cluster snapshot is public.,"If you share an unencrypted manual snapshot as public, the snapshot is available to all AWS accounts. Public snapshots may result in unintended data exposure."
documentdb_cluster_storage_encrypted,Check if DocumentDB cluster storage is encrypted.,Check if DocumentDB cluster storage is encrypted.,Ensure that encryption of data at rest is enabled for your Amazon DocumentDB (with MongoDB compatibility) database clusters for additional data security and regulatory compliance.
drs_job_exist,Ensure DRS is enabled with jobs.,Ensure DRS is enabled with jobs.,"If DRS is not enabled with jobs, then it may not be able to recover from a disaster."
dynamodb_accelerator_cluster_encryption_enabled,Check if DynamoDB DAX Clusters are encrypted at rest.,Check if DynamoDB DAX Clusters are encrypted at rest.,Encryption at rest provides an additional layer of data protection by securing your data from unauthorized access to the underlying storage.
dynamodb_accelerator_cluster_in_transit_encryption_enabled,Check if DynamoDB Accelerator (DAX) clusters are encrypted in transit.,"This control checks whether an Amazon DynamoDB Accelerator (DAX) cluster is encrypted in transit, with the endpoint encryption type set to TLS. The control fails if the DAX cluster isn't encrypted in transit.","Without encryption in transit, DAX clusters are vulnerable to person-in-the-middle attacks or eavesdropping on network traffic, which could lead to unauthorized access or manipulation of sensitive data."
dynamodb_accelerator_cluster_multi_az,Check if DynamoDB Accelerator (DAX) clusters have nodes in multiple availability zones.,This control checks whether an Amazon DynamoDB Accelerator (DAX) cluster has nodes in multiple availability zones.,Without DAX nodes in multiple availability zones (AZ) the nodes are at risk of interruption if an AZ disruption occurs.
dynamodb_table_autoscaling_enabled,Check if DynamoDB tables automatically scale capacity with demand.,"This check ensures that DynamoDB tables can scale their read and write capacity as needed, either using on-demand capacity mode or provisioned mode with auto scaling configured.","If DynamoDB tables do not automatically scale capacity with demand, they may experience throttling exceptions, leading to reduced availability and performance of applications."
dynamodb_table_cross_account_access,DynamoDB tables should not be accessible from other AWS accounts,This check determines if the DynamoDB table is accessible from other AWS accounts.,"If the DynamoDB table is accessible from other AWS accounts, it may lead to unauthorized access to the data stored in the table."
dynamodb_table_deletion_protection_enabled,Check if DynamoDB tables have deletion protection enabled.,This control checks whether an Amazon DynamoDB table has deletion protection enabled to prevent accidental deletion during regular table management operations.,"If deletion protection is not enabled, a DynamoDB table could be accidentally deleted, leading to data loss and potential disruption of business operations."
dynamodb_table_encryption_enabled,,,
dynamodb_table_protected_by_backup_plan,Check if DynamoDB tables are included in a backup plan.,This control checks whether an Amazon DynamoDB table is covered by a backup plan. The control fails if the DynamoDB table isn't included in a backup plan.,"If a DynamoDB table is not covered by a backup plan, data loss may occur due to accidental deletion, corruption, or unexpected failure, compromising the resilience of your application."
dynamodb_tables_kms_cmk_encryption_enabled,Check if DynamoDB table has encryption at rest enabled using CMK KMS.,Check if DynamoDB table has encryption at rest enabled using CMK KMS.,All user data stored in Amazon DynamoDB is fully encrypted at rest. This functionality helps reduce the operational burden and complexity involved in protecting sensitive data.
dynamodb_tables_pitr_enabled,Check if DynamoDB tables point-in-time recovery (PITR) is enabled.,Check if DynamoDB tables point-in-time recovery (PITR) is enabled.,"If the DynamoDB Table does not have point-in-time recovery enabled, it is vulnerable to accidental write or delete operations."
ec2_ami_public,Ensure there are no EC2 AMIs set as Public.,Ensure there are no EC2 AMIs set as Public.,"When your AMIs are publicly accessible, they are available in the Community AMIs where everyone with an AWS account can use them to launch EC2 instances. Your AMIs could contain snapshots of your applications (including their data), therefore exposing your snapshots in this manner is not advised."
ec2_client_vpn_endpoint_connection_logging_enabled,EC2 Client VPN endpoints should have client connection logging enabled.,This control checks whether an AWS Client VPN endpoint has client connection logging enabled. The control fails if the endpoint doesn't have client connection logging enabled.,Client VPN endpoints allow remote clients to securely connect to resources in a Virtual Private Cloud (VPC) in AWS. Connection logs allow you to track user activity on the VPN endpoint and provides visibility.
ec2_ebs_default_encryption,Check if EBS Default Encryption is activated.,Check if EBS Default Encryption is activated.,If not enabled sensitive information at rest is not protected.
ec2_ebs_public_snapshot,Ensure there are no EBS Snapshots set as Public.,Ensure there are no EBS Snapshots set as Public.,"When you share a snapshot, you are giving others access to all of the data on the snapshot. Share snapshots only with people with whom you want to share all of your snapshot data."
ec2_ebs_snapshot_account_block_public_access,Ensure that public access to EBS snapshots is disabled,"EBS snapshots can be shared with other AWS accounts or made public. By default, EBS snapshots are private and only the AWS account that created the snapshot can access it. If an EBS snapshot is shared with another AWS account or made public, the data in the snapshot can be accessed by the other account or by anyone on the internet. Ensure that public access to EBS snapshots is disabled.","If public access to EBS snapshots is enabled, the data in the snapshot can be accessed by anyone on the internet."
ec2_ebs_snapshots_encrypted,Check if EBS snapshots are encrypted.,Check if EBS snapshots are encrypted.,Data encryption at rest prevents data visibility in the event of its unauthorized access or theft.
ec2_ebs_volume_encryption,Ensure there are no EBS Volumes unencrypted.,Ensure there are no EBS Volumes unencrypted.,Data encryption at rest prevents data visibility in the event of its unauthorized access or theft.
ec2_ebs_volume_protected_by_backup_plan,Amazon EBS volumes should be protected by a backup plan.,"Evaluates if an Amazon EBS volume in in-use state is covered by a backup plan. The check fails if an EBS volume isn't covered by a backup plan. If you set the backupVaultLockCheck parameter equal to true, the control passes only if the EBS volume is backed up in an AWS Backup locked vault.","Without backup coverage, Amazon EBS volumes are vulnerable to data loss or deletion, reducing the resilience of your systems and making recovery from incidents more difficult."
ec2_ebs_volume_snapshots_exists,Check if EBS snapshots exists.,Check if EBS snapshots exists.,"Ensure that your EBS volumes (available or in-use) have recent snapshots (taken weekly) available for point-in-time recovery for a better, more reliable data backup strategy."
ec2_elastic_ip_shodan,Check if any of the Elastic or Public IP are in Shodan (requires Shodan API KEY).,Check if any of the Elastic or Public IP are in Shodan (requires Shodan API KEY).,Sites like Shodan index exposed systems and further expose them to wider audiences as a quick way to find exploitable systems.
ec2_elastic_ip_unassigned,Check if there is any unassigned Elastic IP.,Check if there is any unassigned Elastic IP.,Unassigned Elastic IPs may result in extra cost.
ec2_instance_account_imdsv2_enabled,Ensure Instance Metadata Service Version 2 (IMDSv2) is enforced for EC2 instances at the account level to protect against SSRF vulnerabilities.,Ensure Instance Metadata Service Version 2 (IMDSv2) is enforced for EC2 instances at the account level to protect against SSRF vulnerabilities.,EC2 instances that use IMDSv1 are vulnerable to SSRF attacks.
ec2_instance_detailed_monitoring_enabled,Check if EC2 instances have detailed monitoring enabled.,Check if EC2 instances have detailed monitoring enabled.,Enabling detailed monitoring provides enhanced monitoring and granular insights into EC2 instance metrics. Not having detailed monitoring enabled may limit the ability to troubleshoot performance issues effectively.
ec2_instance_imdsv2_enabled,Check if EC2 Instance Metadata Service Version 2 (IMDSv2) is Enabled and Required.,Check if EC2 Instance Metadata Service Version 2 (IMDSv2) is Enabled and Required.,Using IMDSv2 will protect from misconfiguration and SSRF vulnerabilities. IMDSv1 will not.
ec2_instance_internet_facing_with_instance_profile,Check for internet facing EC2 instances with Instance Profiles attached.,Check for internet facing EC2 instances with Instance Profiles attached.,Exposing an EC2 directly to internet increases the attack surface and therefore the risk of compromise.
ec2_instance_managed_by_ssm,Check if EC2 instances are managed by Systems Manager.,Check if EC2 instances are managed by Systems Manager.,"AWS Config provides AWS Managed Rules, which are predefined, customizable rules that AWS Config uses to evaluate whether your AWS resource configurations comply with common best practices."
ec2_instance_older_than_specific_days,Check EC2 Instances older than specific days.,Check EC2 Instances older than specific days.,Having old instances within your AWS account could increase the risk of having vulnerable software.
ec2_instance_paravirtual_type,Amazon EC2 paravirtual virtualization type should not be used.,Ensure that the virtualization type of an EC2 instance is not paravirtual. The control fails if the virtualizationType of the EC2 instance is set to paravirtual.,"Using paravirtual instances can limit performance and security benefits offered by hardware virtual machine (HVM) instances, such as improved CPU, network, and storage efficiency."
ec2_instance_port_cassandra_exposed_to_internet,"Ensure no EC2 instances allow ingress from the internet to Cassandra ports (TCP 7000, 7001, 7199, 9042, 9160).","Ensure no EC2 instances allow ingress from the internet to Cassandra ports (TCP 7000, 7001, 7199, 9042, 9160).","Cassandra is a distributed database management system designed to handle large amounts of data across many commodity servers, providing high availability with no single point of failure. Exposing Cassandra ports to the internet can lead to unauthorized access to the database, data exfiltration, and data loss."
ec2_instance_port_cifs_exposed_to_internet,Ensure no EC2 instances allow ingress from the internet to TCP port 139 or 445 (CIFS).,Ensure no EC2 instances allow ingress from the internet to TCP port 139 or 445 (CIFS).,CIFS is a file sharing protocol that is used to access files and printers on remote systems. It is not recommended to expose CIFS to the internet.
ec2_instance_port_elasticsearch_kibana_exposed_to_internet,"Ensure no EC2 instances allow ingress from the internet to Elasticsearch and Kibana ports (TCP 9200, 9300, 5601).","Ensure no EC2 instances allow ingress from the internet to Elasticsearch and Kibana ports (TCP 9200, 9300, 5601).",Elasticsearch and Kibana are commonly used for log and data analysis. Allowing ingress from the internet to these ports can expose sensitive data to unauthorized users.
ec2_instance_port_ftp_exposed_to_internet,Ensure no EC2 instances allow ingress from the internet to TCP port 20 or 21 (FTP),Ensure no EC2 instances allow ingress from the internet to TCP port 20 or 21 (FTP).,"FTP is an insecure protocol and should not be used. If FTP is required, it should be used over a secure channel such as FTPS or SFTP."
ec2_instance_port_kafka_exposed_to_internet,Ensure no EC2 instances allow ingress from the internet to TCP port 9092 (Kafka).,Ensure no EC2 instances allow ingress from the internet to TCP port 9092 (Kafka).,"Kafka is a distributed streaming platform that is used to build real-time data pipelines and streaming applications. Exposing the Kafka port to the internet can lead to unauthorized access to the Kafka cluster, which can result in data leakage, data corruption, and data loss."
ec2_instance_port_kerberos_exposed_to_internet,"Ensure no EC2 instances allow ingress from the internet to TCP port 88, 464, 749 or 750 (Kerberos).","Ensure no EC2 instances allow ingress from the internet to TCP port 88, 464, 749 or 750 (Kerberos).","Kerberos is a network authentication protocol that uses secret-key cryptography to authenticate clients and servers. It is typically used in environments where users need to authenticate to access network resources. If an EC2 instance allows ingress from the internet to TCP port 88 or 464, it may be vulnerable to unauthorized access."
ec2_instance_port_ldap_exposed_to_internet,Ensure no EC2 instances allow ingress from the internet to TCP port 389 or 636 (LDAP).,Ensure no EC2 instances allow ingress from the internet to TCP port 389 or 636 (LDAP).,LDAP is a protocol used for authentication and authorization. Exposing LDAP to the internet can lead to unauthorized access to the LDAP server and the data it contains.
ec2_instance_port_memcached_exposed_to_internet,Ensure no EC2 instances allow ingress from the internet to TCP port 11211 (Memcached).,Ensure no EC2 instances allow ingress from the internet to TCP port 11211 (Memcached).,"Memcached is an open-source, high-performance, distributed memory object caching system. It is often used to speed up dynamic database-driven websites by caching data and objects in RAM to reduce the number of times an external data source must be read. Memcached is designed to be used in trusted environments and should not be exposed to the internet. If Memcached is exposed to the internet, it can be exploited by attackers to perform distributed denial-of-service (DDoS) attacks, data exfiltration, and other malicious activities."
ec2_instance_port_mongodb_exposed_to_internet,Ensure no EC2 instances allow ingress from the internet to TCP port 27017 or 27018 (MongoDB),Ensure no EC2 instances allow ingress from the internet to TCP port 27017 or 27018 (MongoDB).,"MongoDB is a popular NoSQL database that is often used in web applications. If an EC2 instance allows ingress from the internet to TCP port 27017 or 27018, it may be vulnerable to unauthorized access and data exfiltration."
ec2_instance_port_mysql_exposed_to_internet,Ensure no EC2 instances allow ingress from the internet to TCP port 3306 (MySQL).,Ensure no EC2 instances allow ingress from the internet to TCP port 3306 (MySQL).,MySQL is a popular open-source relational database management system that is widely used in web applications. Exposing MySQL to the internet can lead to unauthorized access and data exfiltration.
ec2_instance_port_oracle_exposed_to_internet,"Ensure no EC2 instances allow ingress from the internet to TCP port 1521, 2483 or 2484 (Oracle).","Ensure no EC2 instances allow ingress from the internet to TCP port 1521, 2483 or 2484 (Oracle).",Oracle database servers are a high value target for attackers. Allowing internet access to these ports could lead to unauthorized access to the database.
ec2_instance_port_postgresql_exposed_to_internet,Ensure no EC2 instances allow ingress from the internet to TCP port 5432 (PostgreSQL),Ensure no EC2 instances allow ingress from the internet to TCP port 5432 (PostgreSQL).,"PostgreSQL is a popular open-source relational database management system. Exposing the PostgreSQL port to the internet can lead to unauthorized access to the database, data exfiltration, and other security risks."
ec2_instance_port_rdp_exposed_to_internet,Ensure no EC2 instances allow ingress from the internet to TCP port 3389 (RDP),Ensure no EC2 instances allow ingress from the internet to TCP port 3389 (RDP).,RDP is a proprietary protocol developed by Microsoft for connecting to Windows systems. Exposing RDP to the internet can allow attackers to brute force the login credentials and gain unauthorized access to the EC2 instance.
ec2_instance_port_redis_exposed_to_internet,Ensure no EC2 instances allow ingress from the internet to TCP port 6379 (Redis).,Ensure no EC2 instances allow ingress from the internet to TCP port 6379 (Redis).,"Redis is an open-source, in-memory data structure store, used as a database, cache, and message broker. Redis is often used to store sensitive data, such as session tokens, user credentials, and other sensitive information. Allowing ingress from the internet to TCP port 6379 (Redis) can expose sensitive data to unauthorized users."
ec2_instance_port_sqlserver_exposed_to_internet,Ensure no EC2 instances allow ingress from the internet to TCP port 1433 or 1434 (SQL Server).,Ensure no EC2 instances allow ingress from the internet to TCP port 1433 or 1434 (SQL Server).,"SQL Server is a database management system that is used to store and retrieve data. If an EC2 instance allows ingress from the internet to TCP port 1433 or 1434, it may be vulnerable to unauthorized access and data exfiltration."
ec2_instance_port_ssh_exposed_to_internet,Ensure no EC2 instances allow ingress from the internet to TCP port 22 (SSH),Ensure no EC2 instances allow ingress from the internet to TCP port 22 (SSH).,"SSH is a common target for brute force attacks. If an EC2 instance allows ingress from the internet to TCP port 22, it is at risk of being compromised."
ec2_instance_port_telnet_exposed_to_internet,Ensure no EC2 instances allow ingress from the internet to TCP port 23 (Telnet).,Ensure no EC2 instances allow ingress from the internet to TCP port 23 (Telnet).,Telnet is an insecure protocol that transmits data in plain text. Exposure of Telnet services to the internet can lead to unauthorized access to the EC2 instance.
ec2_instance_profile_attached,Ensure IAM instance roles are used for AWS resource access from instances,Ensure IAM instance roles are used for AWS resource access from instances.,"AWS access from within AWS instances can be done by either encoding AWS keys into AWS API calls or by assigning the instance to a role which has an appropriate permissions policy for the required access. AWS IAM roles reduce the risks associated with sharing and rotating credentials that can be used outside of AWS itself. If credentials are compromised, they can be used from outside of the AWS account."
ec2_instance_public_ip,Check for EC2 Instances with Public IP.,Check for EC2 Instances with Public IP.,Exposing an EC2 directly to internet increases the attack surface and therefore the risk of compromise.
ec2_instance_secrets_user_data,Find secrets in EC2 User Data.,Find secrets in EC2 User Data.,Secrets hardcoded into instance user data can be used by malware and bad actors to gain lateral access to other services.
ec2_instance_uses_single_eni,Amazon EC2 instances should not use multiple ENIs,"This control checks whether an EC2 instance uses multiple Elastic Network Interfaces (ENIs) or Elastic Fabric Adapters (EFAs). This control passes if a single network adapter is used. The control includes an optional parameter list to identify the allowed ENIs. This control also fails if an EC2 instance that belongs to an Amazon EKS cluster uses more than one ENI. If your EC2 instances need to have multiple ENIs as part of an Amazon EKS cluster, you can suppress those control findings.","Multiple ENIs can cause dual-homed instances, meaning instances that have multiple subnets. This can add network security complexity and introduce unintended network paths and access."
ec2_launch_template_imdsv2_required,Amazon EC2 launch templates should have IMDSv2 enabled and required.,This control checks if Amazon EC2 launch templates are configured with IMDSv2 enabled and required. The control fails if IMDSv2 is not enabled or required in the launch template versions.,"Without IMDSv2 required, EC2 instances may be vulnerable to metadata service attacks, allowing unauthorized access to instance metadata, potentially leading to compromise of instance credentials or other sensitive data."
ec2_launch_template_no_public_ip,Amazon EC2 launch templates should not assign public IPs to network interfaces.,This control checks if Amazon EC2 launch templates are configured to assign public IP addresses to network interfaces upon launch. The control fails if an EC2 launch template is configured to assign a public IP address to network interfaces or if there is at least one network interface that has a public IP address.,"A public IP address is reachable from the internet, making associated resources potentially accessible from the internet. EC2 resources should not be publicly accessible to avoid unintended access to workloads."
ec2_launch_template_no_secrets,Find secrets in EC2 Launch Template,Find secrets in EC2 Launch Template,"The use of a hard-coded password increases the possibility of password guessing. If hard-coded passwords are used, it is possible that malicious users gain access through the account in question."
ec2_networkacl_allow_ingress_any_port,Ensure no Network ACLs allow ingress from 0.0.0.0/0 to any port.,Ensure no Network ACLs allow ingress from 0.0.0.0/0 to any port.,"Even having a perimeter firewall, having network acls open allows any user or malware with vpc access to scan for well known and sensitive ports and gain access to instance."
ec2_networkacl_allow_ingress_tcp_port_22,Ensure no Network ACLs allow ingress from 0.0.0.0/0 to SSH port 22,Ensure no Network ACLs allow ingress from 0.0.0.0/0 to SSH port 22,"Even having a perimeter firewall, having network acls open allows any user or malware with vpc access to scan for well known and sensitive ports and gain access to instance."
ec2_networkacl_allow_ingress_tcp_port_3389,Ensure no Network ACLs allow ingress from 0.0.0.0/0 to Microsoft RDP port 3389,Ensure no Network ACLs allow ingress from 0.0.0.0/0 to Microsoft RDP port 3389,"Even having a perimeter firewall, having network acls open allows any user or malware with vpc access to scan for well known and sensitive ports and gain access to instance."
ec2_networkacl_unused,Unused Network Access Control Lists should be removed.,Ensure that there are no unused network access control lists (network ACLs) in your virtual private cloud (VPC). The control fails if the network ACL isn't associated with a subnet. The control doesn't generate findings for an unused default network ACL.,"Unused network ACLs may represent a potential security risk if left in place without purpose, as they could be mistakenly associated with subnets later."
ec2_securitygroup_allow_ingress_from_internet_to_all_ports,Ensure no security groups allow ingress from 0.0.0.0/0 or ::/0 to all ports.,Ensure no security groups allow ingress from 0.0.0.0/0 or ::/0 to all ports.,If Security groups are not properly configured the attack surface is increased. An attacker could exploit this misconfiguration to gain unauthorized access to resources.
ec2_securitygroup_allow_ingress_from_internet_to_any_port,Ensure no security groups allow ingress from 0.0.0.0/0 or ::/0 to any port.,"Ensure no security groups allow ingress from 0.0.0.0/0 or ::/0 to any port and not attached to a network interface with not allowed network interface types or instance owners. By default, the allowed network interface types are 'api_gateway_managed' and 'vpc_endpoint', and the allowed instance owners are 'amazon-elb', you can customize these values by setting the 'ec2_allowed_interface_types' and 'ec2_allowed_instance_owners' variables.",The security group allows all traffic from the internet to any port. This could allow an attacker to access the instance.
ec2_securitygroup_allow_ingress_from_internet_to_high_risk_tcp_ports,Ensure no security groups allow ingress from 0.0.0.0/0 or ::/0 to high risk ports.,"Ensure no security groups allow ingress from 0.0.0.0/0 or ::/0 to ports 25(SMTP), 110(POP3), 135(RCP), 143(IMAP), 445(CIFS), 3000(Go, Node.js, and Ruby web developemnt frameworks), 4333(ahsp), 5000(Python web development frameworks), 5500(fcp-addr-srvr1), 8080(proxy), 8088(legacy HTTP port).",If Security groups are not properly configured the attack surface is increased.
ec2_securitygroup_allow_ingress_from_internet_to_port_mongodb_27017_27018,Ensure no security groups allow ingress from 0.0.0.0/0 or ::/0 to MongoDB ports 27017 and 27018.,Ensure no security groups allow ingress from 0.0.0.0/0 or ::/0 to MongoDB ports 27017 and 27018.,If Security groups are not properly configured the attack surface is increased.
ec2_securitygroup_allow_ingress_from_internet_to_tcp_ftp_port_20_21,Ensure no security groups allow ingress from 0.0.0.0/0 or ::/0 to FTP ports 20 or 21.,Ensure no security groups allow ingress from 0.0.0.0/0 or ::/0 to FTP ports 20 or 21.,If Security groups are not properly configured the attack surface is increased.
ec2_securitygroup_allow_ingress_from_internet_to_tcp_port_22,Ensure no security groups allow ingress from 0.0.0.0/0 or ::/0 to SSH port 22.,Ensure no security groups allow ingress from 0.0.0.0/0 or ::/0 to SSH port 22.,If Security groups are not properly configured the attack surface is increased.
ec2_securitygroup_allow_ingress_from_internet_to_tcp_port_3389,Ensure no security groups allow ingress from 0.0.0.0/0 or ::/0 to port 3389.,Ensure no security groups allow ingress from 0.0.0.0/0 or ::/0 to port 3389.,If Security groups are not properly configured the attack surface is increased.
ec2_securitygroup_allow_ingress_from_internet_to_tcp_port_cassandra_7199_9160_8888,Ensure no security groups allow ingress from 0.0.0.0/0 or ::/0 to Cassandra ports 7199 or 9160 or 8888.,Ensure no security groups allow ingress from 0.0.0.0/0 or ::/0 to Cassandra ports 7199 or 9160 or 8888.,If Security groups are not properly configured the attack surface is increased.
ec2_securitygroup_allow_ingress_from_internet_to_tcp_port_elasticsearch_kibana_9200_9300_5601,Ensure no security groups allow ingress from 0.0.0.0/0 or ::/0 to Elasticsearch/Kibana ports.,Ensure no security groups allow ingress from 0.0.0.0/0 or ::/0 to Elasticsearch/Kibana ports.,If Security groups are not properly configured the attack surface is increased.
ec2_securitygroup_allow_ingress_from_internet_to_tcp_port_kafka_9092,Ensure no security groups allow ingress from 0.0.0.0/0 or ::/0 to Kafka port 9092.,Ensure no security groups allow ingress from 0.0.0.0/0 or ::/0 to Kafka port 9092.,If Security groups are not properly configured the attack surface is increased.
ec2_securitygroup_allow_ingress_from_internet_to_tcp_port_memcached_11211,Ensure no security groups allow ingress from 0.0.0.0/0 or ::/0 to Memcached port 11211.,Ensure no security groups allow ingress from 0.0.0.0/0 or ::/0 to Memcached port 11211.,If Security groups are not properly configured the attack surface is increased.
ec2_securitygroup_allow_ingress_from_internet_to_tcp_port_mysql_3306,Ensure no security groups allow ingress from 0.0.0.0/0 or ::/0 to MySQL port 3306.,Ensure no security groups allow ingress from 0.0.0.0/0 or ::/0 to MySQL port 3306.,If Security groups are not properly configured the attack surface is increased.
ec2_securitygroup_allow_ingress_from_internet_to_tcp_port_oracle_1521_2483,Ensure no security groups allow ingress from 0.0.0.0/0 or ::/0 to Oracle ports 1521 or 2483.,Ensure no security groups allow ingress from 0.0.0.0/0 or ::/0 to Oracle ports 1521 or 2483.,If Security groups are not properly configured the attack surface is increased.
ec2_securitygroup_allow_ingress_from_internet_to_tcp_port_postgres_5432,Ensure no security groups allow ingress from 0.0.0.0/0 or ::/0 to Postgres port 5432.,Ensure no security groups allow ingress from 0.0.0.0/0 or ::/0 to Postgres port 5432.,If Security groups are not properly configured the attack surface is increased.
ec2_securitygroup_allow_ingress_from_internet_to_tcp_port_redis_6379,Ensure no security groups allow ingress from 0.0.0.0/0 or ::/0 to Redis port 6379.,Ensure no security groups allow ingress from 0.0.0.0/0 or ::/0 to Redis port 6379.,If Security groups are not properly configured the attack surface is increased.
ec2_securitygroup_allow_ingress_from_internet_to_tcp_port_sql_server_1433_1434,Ensure no security groups allow ingress from 0.0.0.0/0 or ::/0 to Windows SQL Server ports 1433 or 1434.,Ensure no security groups allow ingress from 0.0.0.0/0 or ::/0 to Windows SQL Server ports 1433 or 1434.,If Security groups are not properly configured the attack surface is increased.
ec2_securitygroup_allow_ingress_from_internet_to_tcp_port_telnet_23,Ensure no security groups allow ingress from 0.0.0.0/0 or ::/0 to Telnet port 23.,Ensure no security groups allow ingress from 0.0.0.0/0 or ::/0 to Telnet port 23.,If Security groups are not properly configured the attack surface is increased.
ec2_securitygroup_allow_wide_open_public_ipv4,Ensure no security groups allow ingress and egress from wide-open IP address with a mask between 0 and 24.,Ensure no security groups allow ingress and egress from wide-open IP address with a mask between 0 and 24.,If Security groups are not properly configured the attack surface is increased.
ec2_securitygroup_default_restrict_traffic,Ensure the default security group of every VPC restricts all traffic.,Ensure the default security group of every VPC restricts all traffic.,"Even having a perimeter firewall, having security groups open allows any user or malware with vpc access to scan for well known and sensitive ports and gain access to instance."
ec2_securitygroup_from_launch_wizard,Security Groups created by EC2 Launch Wizard.,Security Groups created by EC2 Launch Wizard.,Security Groups Created on the AWS Console using the EC2 wizard may allow port 22 from 0.0.0.0/0.
ec2_securitygroup_not_used,Ensure there are no Security Groups not being used.,Ensure there are no Security Groups not being used.,Having clear definition and scope for Security Groups creates a better administration environment.
ec2_securitygroup_with_many_ingress_egress_rules,Find security groups with more than 50 ingress or egress rules.,Find security groups with more than 50 ingress or egress rules.,If Security groups are not properly configured the attack surface is increased.
ec2_transitgateway_auto_accept_vpc_attachments,Amazon EC2 Transit Gateways should not automatically accept VPC attachment requests,Ensure EC2 transit gateways are not automatically accepting shared VPC attachments. We get a fail if a transit gateway is configured to automatically accept shared VPC attachment requests.,"Turning on AutoAcceptSharedAttachments allows a transit gateway to automatically accept any cross-account VPC attachment requests without verification. This increases the risk of unauthorized VPC attachments, compromising network security."
ecr_registry_scan_images_on_push_enabled,Check if ECR Registry has scan on push enabled,Check if ECR Registry has scan on push enabled,Amazon ECR image scanning helps in identifying software vulnerabilities in your container images. Amazon ECR uses the Common Vulnerabilities and Exposures (CVEs) database from the open-source Clair project and provides a list of scan findings.
ecr_repositories_lifecycle_policy_enabled,Check if ECR repositories have lifecycle policies enabled,Check if ECR repositories have lifecycle policies enabled,"Amazon ECR repositories run the risk of retaining huge volumes of images, increasing unnecessary cost."
ecr_repositories_not_publicly_accessible,Ensure there are no ECR repositories set as Public,Ensure there are no ECR repositories set as Public,A repository policy that allows anonymous access may allow anonymous users to perform actions.
ecr_repositories_scan_images_on_push_enabled,[DEPRECATED] Check if ECR image scan on push is enabled,[DEPRECATED] Check if ECR image scan on push is enabled,Amazon ECR image scanning helps in identifying software vulnerabilities in your container images. Amazon ECR uses the Common Vulnerabilities and Exposures (CVEs) database from the open-source Clair project and provides a list of scan findings.
ecr_repositories_scan_vulnerabilities_in_latest_image,Check if ECR image scan found vulnerabilities in the newest image version,Check if ECR image scan found vulnerabilities in the newest image version,Amazon ECR image scanning helps in identifying software vulnerabilities in your container images. Amazon ECR uses the Common Vulnerabilities and Exposures (CVEs) database from the open-source Clair project and provides a list of scan findings.
ecr_repositories_tag_immutability,ECR repositories should have tag immutability configured,This control checks whether a ECR repository has tag immutability enabled. The control fails if a ECR repository has tag immutability disabled and passes if tag immutability is set to IMMUTABLE.,"Disabling tag immutability in an ECR repository increases the risk of image tampering by allowing tags to be overridden, which can lead to deploying unintended images and security vulnerabilities."
ecs_cluster_container_insights_enabled,ECS clusters should use Container Insights,This control checks if ECS clusters use Container Insights. This control fails if Container Insights are not set up for a cluster.,"Without Container Insights, important performance metrics and diagnostic information from containerized applications may not be captured, which can hinder monitoring and troubleshooting."
ecs_service_fargate_latest_platform_version,ECS Fargate services should run on the latest Fargate platform version,This control checks if Amazon ECS Fargate services are running the latest Fargate platform version. The control fails if the platform version is not the latest.,Not running the latest Fargate platform version may expose your services to security vulnerabilities and bugs that are resolved in newer versions.
ecs_service_no_assign_public_ip,ECS services should not assign public IPs automatically,This control checks whether Amazon ECS services are configured to automatically assign public IP addresses. The control fails if AssignPublicIP is ENABLED and passes if it is DISABLED.,"Having public IP addresses assigned to ECS services automatically can expose services to the internet, increasing the risk of unauthorized access, data breaches, and cyberattacks."
ecs_task_definitions_containers_readonly_access,ECS containers should be limited to read-only access to root filesystems,This control checks if Amazon ECS containers are limited to read-only access to mounted root filesystems. The control fails if the readonlyRootFilesystem parameter is set to false or if the parameter doesn't exist in the container definition.,"If ECS containers have write access to root filesystems, it increases the risk of filesystem tampering and exploitation of vulnerabilities, violating the principle of least privilege."
ecs_task_definitions_host_namespace_not_shared,ECS task definitions should not share the host's process namespace,This control checks if Amazon ECS task definitions are configured to share a host's process namespace with its containers. The control fails if the task definition shares the host's process namespace.,"Sharing the host's process namespace with containers exposes host processes, potentially allowing unauthorized access or manipulation of host-level processes, undermining container isolation."
ecs_task_definitions_host_networking_mode_users,Amazon ECS task definitions should have secure networking modes and user definitions,"This control checks whether an active Amazon ECS task definition with host networking mode has privileged or user container definitions. The control fails for task definitions that have host network mode and container definitions of privileged=false or empty, and user=root or empty.","If ECS tasks are configured with host networking and either lack a defined user or run with elevated privileges, this can lead to privilege escalation, unauthorized access to resources, and increased exposure to vulnerabilities."
ecs_task_definitions_logging_block_mode,ECS task definitions containers should have a logging configured with non blocking mode,This control checks if the latest active Amazon ECS task definition has a logging configuration set to non blocking mode.,"When logs cannot be immediately sent to Amazon CloudWatch, calls from container code to write to stdout or stderr will block and halt execution of the code. The logging thread in the application will block, which may prevent the application from functioning and lead to health check failures and task termination. Container startup fails if the required log group or log stream cannot be created."
ecs_task_definitions_logging_enabled,ECS task definitions containers should have a logging configuration,This control checks if the latest active Amazon ECS task definition has a logging configuration specified. The control fails if the task definition doesn't have the logConfiguration property defined or if the value for logDriver is null in at least one container definition.,"Without a logging configuration, important data may be lost, making it difficult to troubleshoot issues, monitor performance, and ensure compliance with auditing requirements."
ecs_task_definitions_no_environment_secrets,Check if secrets exists in ECS task definitions environment variables,Check if secrets exists in ECS task definitions environment variables.,"The use of a hard-coded password increases the possibility of password guessing. If hard-coded passwords are used, it is possible that malicious users gain access through the account in question."
ecs_task_definitions_no_privileged_containers,ECS task definitions shouldn't have privileged containers,This control checks if the privileged parameter in the container definition of Amazon ECS Task Definitions is set to true. The control fails if this parameter is equal to true.,"Running containers with elevated privileges increases the risk of privilege escalation attacks, potentially allowing unauthorized access to the host and other containers."
ecs_task_set_no_assign_public_ip,ECS task sets should not automatically assign public IP addresses,This control checks whether an Amazon ECS task set is configured to automatically assign public IP addresses. The control fails if AssignPublicIP is set to ENABLED.,"A public IP address is reachable from the internet, potentially exposing resources associated with the ECS task set. ECS task sets shouldn't be publicly accessible, as this may allow unintended access to container application servers."
efs_access_point_enforce_root_directory,EFS access points should enforce a root directory,This control checks if Amazon EFS access points are configured to enforce a root directory. The control fails if the value of Path is set to / (the default root directory of the file system).,"Access points without enforced root directories can potentially expose the entire file system's root directory to clients, which may result in unauthorized access."
efs_access_point_enforce_user_identity,EFS access points should enforce a user identity,This control checks whether Amazon EFS access points are configured to enforce a user identity. This control fails if a POSIX user identity is not defined while creating the EFS access point.,"Without enforcing a user identity, access to the file system can become less controlled, leading to potential unauthorized access or modifications."
efs_encryption_at_rest_enabled,Check if EFS protects sensitive data with encryption at rest,Check if EFS protects sensitive data with encryption at rest,EFS should be encrypted at rest to prevent exposure of sensitive data to bad actors
efs_have_backup_enabled,Check if EFS File systems have backup enabled,Check if EFS File systems have backup enabled,"If backup is not enabled, data is vulnerable. Human error or bad actors could erase or modify data."
efs_mount_target_not_publicly_accessible,EFS mount targets should not be publicly accessible,This control checks whether an Amazon EFS mount target is associated with a public subnet since it can be accessed from the internet.,Mount targets in public subnets may expose your EFS to unauthorized access or attacks.
efs_multi_az_enabled,Check if EFS File systems are configured with Multi-AZ.,Check if EFS File systems has Multi-AZ enabled.,Ensure that your Amazon EFS are using Multi-AZ deployment configurations to provide High Availability (HA).
efs_not_publicly_accessible,Check if EFS have policies which allow access to any client within the VPC,Check if EFS have policies which allow access to any client within the VPC,Restricting access to EFS file systems is a security best practice. Allowing access to any client within the VPC can lead to unauthorized access to the file system.
eks_cluster_kms_cmk_encryption_in_secrets_enabled,Ensure Kubernetes Secrets are encrypted using Customer Master Keys (CMKs),Ensure Kubernetes Secrets are encrypted using Customer Master Keys (CMKs),Implementing envelope encryption is considered a security best practice for applications that store sensitive data and is part of a defense in depth security strategy.
eks_cluster_network_policy_enabled,Ensure Network Policy is Enabled and Set as Appropriate,"Ensure that Network Policy is enabled and set as appropriate in Amazon EKS clusters. Network Policy provides pod-level firewalling to restrict traffic between sources, enhancing network security within the cluster.","Without proper Network Policy settings, pods within the cluster may be vulnerable to unauthorized access and communication."
eks_cluster_not_publicly_accessible,Ensure EKS Clusters are not publicly accessible,Ensure that your Amazon EKS cluster's Kubernetes API server endpoint is not publicly accessible from the Internet in order to avoid exposing private data and minimizing security risks.,"By default, this API server endpoint is publicly accessible, meaning any machine on the internet can potentially connect to your EKS cluster using its public endpoint. This exposes your cluster to a higher risk of malicious activities and attacks."
eks_cluster_private_nodes_enabled,Ensure Clusters are created with Private Nodes,"Ensure that clusters are created with private nodes, disabling public IP addresses for cluster nodes. Private nodes have no public IP addresses, restricting access to internal networks and enhancing security.","Without private nodes, cluster nodes may have public IP addresses, increasing the attack surface and exposing them to potential threats from the internet."
eks_cluster_uses_a_supported_version,Ensure Kubernetes cluster runs on a supported Kubernetes version,Ensure Kubernetes cluster runs on a supported Kubernetes version,Running an Amazon EKS cluster on an unsupported Kubernetes version exposes it to common security vulnerabilities
eks_control_plane_logging_all_types_enabled,Ensure EKS Control Plane Logging is enabled for all required log types,Ensure EKS Control Plane Logging is enabled for all required log types,"If logs are not enabled, monitoring of service use or threat analysis is not possible."
eks_endpoints_not_publicly_accessible,,,
elasticache_cluster_uses_public_subnet,Ensure Elasticache Cluster is not using a public subnet,Ensure Elasticache Cluster is not using a public subnet,There is a risk of exposing sensitive data if Elasticache Cluster uses a public subnet.
elasticache_redis_cluster_auto_minor_version_upgrades,Ensure Elasticache Redis cache clusters have automatic minor upgrades enabled.,Ensure Elasticache Redis cache clusters have automatic minor upgrades enabled.,"Not enabling automatic minor version upgrades can expose your Redis cluster to security vulnerabilities, performance issues, and increased operational overhead due to the need for manual updates."
elasticache_redis_cluster_automatic_failover_enabled,Ensure Elasticache Redis clusters have automatic failover enabled.,Ensure Elasticache Redis OSS cache clusters use automatic failover.,"If automatic failover is not enabled, a failure in the primary node could result in significant downtime, impacting the availability and resilience of your application."
elasticache_redis_cluster_backup_enabled,Ensure Elasticache Redis cache cluster has automatic backups enabled.,Ensure Elasticache Redis cache cluster has automatic backups enabled.,Ensure that your Amazon ElastiCache Redis cache clusters have a sufficient backup retention period set in order to fulfill your organization's compliance requirements. The retention period represents the number of days for which Amazon ElastiCache service retains automatic Redis cluster backups before deleting them.
elasticache_redis_cluster_in_transit_encryption_enabled,Ensure Elasticache Redis cache clusters have in transit encryption enabled.,Ensure Elasticache Redis cache clusters have in transit encryption enabled.,There is a risk of exposing sensitive data if Elasticache Redis cache cluster does not have in transit encryption enabled.
elasticache_redis_cluster_multi_az_enabled,Ensure Elasticache Redis cache cluster has Multi-AZ enabled.,Ensure Elasticache Redis cache cluster has Multi-AZ enabled.,Ensure that your Amazon ElastiCache Redis cache clusters has Multi-AZ enabled.
elasticache_redis_cluster_rest_encryption_enabled,Ensure Elasticache Redis cache clusters have at rest encryption enabled.,Ensure Elasticache Redis cache clusters have at rest encryption enabled.,There is a risk of exposing sensitive data if Elasticache Redis cache clusters does not have at rest encryption enabled.
elasticache_redis_replication_group_auth_enabled,Ensure Elasticache Elasticache Redis replication groups of earlier versions should have Redis OSS AUTH enabled.,Ensure Elasticache Redis replication groups of earlier versions use Redis OSS AUTH.,"Without Redis AUTH enabled, your ElastiCache (Redis) instance is vulnerable to unauthorized access and potential data breaches."
elasticbeanstalk_environment_cloudwatch_logging_enabled,Elastic Beanstalk environment should stream logs to CloudWatch,This control checks whether an Elastic Beanstalk environment is configured to send logs to CloudWatch Logs. The control fails if an Elastic Beanstalk environment isn't configured to send logs to CloudWatch Logs.,"Without log streaming to CloudWatch, it becomes difficult to monitor and troubleshoot your Elastic Beanstalk environments, which can lead to missed events or security incidents."
elasticbeanstalk_environment_enhanced_health_reporting,Elastic Beanstalk environments should have enhanced health reporting enabled,This control checks whether enhanced health reporting is enabled for your AWS Elastic Beanstalk environments.,"Without enhanced health reporting, you may face delays in detecting and responding to issues in your Elastic Beanstalk environment, affecting application availability and performance."
elasticbeanstalk_environment_managed_updates_enabled,Elastic Beanstalk managed platform updates should be enabled,This control checks whether managed platform updates are enabled for an Elastic Beanstalk environment. The control fails if no managed platform updates are enabled.,"If managed platform updates are not enabled, the environment might miss critical security patches and updates, which can expose it to vulnerabilities."
elb_connection_draining_enabled,Classic Load Balancer Connection Draining Enabled,"Checks if connection draining is enabled for Classic Load Balancers. Connection draining ensures that the load balancer stops sending requests to instances that are de-registering or unhealthy, while keeping existing connections open. This is particularly useful for instances in Auto Scaling groups, to ensure that connections aren't severed abruptly.","Disabling connection draining can lead to abrupt connection termination for users, impacting the user experience and potentially causing application errors."
elb_cross_zone_load_balancing_enabled,Ensure Cross-Zone Load Balancing is Enabled for Classic Load Balancers (CLBs),"Checks whether cross-zone load balancing is enabled for Classic Load Balancers (CLBs). Cross-zone load balancing ensures even distribution of traffic across all registered targets in all Availability Zones, improving fault tolerance and load distribution.","If cross-zone load balancing is not enabled, traffic may not be evenly distributed across Availability Zones, leading to over-utilization of resources in certain zones and potential application performance degradation or outages."
elb_desync_mitigation_mode,Classic Load Balancer should be configured with defensive or strictest desync mitigation mode,This control checks whether a Classic Load Balancer is configured with defensive or strictest desync mitigation mode. The control fails if the Classic Load Balancer isn't configured with defensive or strictest desync mitigation mode.,"HTTP Desync issues can lead to request smuggling, making applications vulnerable to attacks such as request queue or cache poisoning, which could result in credential hijacking or unauthorized command execution."
elb_insecure_ssl_ciphers,Check if Elastic Load Balancers have insecure SSL ciphers.,Check if Elastic Load Balancers have insecure SSL ciphers.,Using insecure ciphers could affect privacy of in transit information.
elb_internet_facing,Check for internet facing Elastic Load Balancers.,Check for internet facing Elastic Load Balancers.,Publicly accessible load balancers could expose sensitive data to bad actors.
elb_is_in_multiple_az,Ensure Classic Load Balancer is Configured Across Multiple Availability Zones,"This check ensures that a Classic Load Balancer is configured to span at least the specified number of Availability Zones (AZs). The control fails if the Load Balancer does not span multiple AZs, which can lead to decreased availability and reliability in case of an AZ failure.","A Classic Load Balancer configured in a single Availability Zone risks becoming a single point of failure. If the AZ fails, the load balancer will not be able to redirect traffic to other healthy targets, leading to potential service outages."
elb_logging_enabled,Check if Elastic Load Balancers have logging enabled.,Check if Elastic Load Balancers have logging enabled.,If logs are not enabled monitoring of service use and threat analysis is not possible.
elb_ssl_listeners,Check if Elastic Load Balancers have SSL listeners.,Check if Elastic Load Balancers have SSL listeners.,Clear text communication could affect privacy of information in transit.
elb_ssl_listeners_use_acm_certificate,Check if Classic Load Balancers with SSL/HTTPS listeners use a certificate provided by AWS Certificate Manager (ACM).,This control checks whether the Classic Load Balancer uses HTTPS/SSL certificates provided by AWS Certificate Manager (ACM). The control fails if the Classic Load Balancer does not use a certificate provided by ACM.,"If Classic Load Balancers are not using ACM certificates, it increases the risk of using self-signed or expired certificates, which can impact secure communication and lead to compliance issues."
elbv2_cross_zone_load_balancing_enabled,Ensure Cross-Zone Load Balancing is enabled for Network (NLBs) and Gateway (GWLB) Load Balancers,"Checks whether cross-zone load balancing is enabled for Network Load Balancers (NLBs) and Gateway Load Balancers (GWLB). Cross-zone load balancing ensures even distribution of traffic across all registered targets in all Availability Zones, improving fault tolerance and load distribution.","If cross-zone load balancing is not enabled, traffic may not be evenly distributed across Availability Zones, leading to over-utilization of resources in certain zones and potential application performance degradation or outages."
elbv2_deletion_protection,Check if Elastic Load Balancers have deletion protection enabled.,Check if Elastic Load Balancers have deletion protection enabled.,"If deletion protection is not enabled, the resource is not protected against deletion."
elbv2_desync_mitigation_mode,"Check whether the Application Load Balancer is configured with strictest desync mitigation mode, if not check if at least is configured with the drop_invalid_header_fields attribute","Check whether the Application Load Balancer is configured with strictest desync mitigation mode, if not check if at least is configured with the drop_invalid_header_fields attribute","HTTP Desync issues can lead to request smuggling and make your applications vulnerable to request queue or cache poisoning, which could lead to credential hijacking or execution of unauthorized commands."
elbv2_insecure_ssl_ciphers,Check if Elastic Load Balancers have insecure SSL ciphers.,Check if Elastic Load Balancers have insecure SSL ciphers.,Using insecure ciphers could affect privacy of in transit information.
elbv2_internet_facing,Check for internet facing Elastic Load Balancers.,Check for internet facing Elastic Load Balancers.,Publicly accessible load balancers could expose sensitive data to bad actors.
elbv2_is_in_multiple_az,Elastic Load Balancer V2 (ELBv2) is Configured Across Multiple Availability Zones (AZs),"Ensure whether Elastic Load Balancer V2 (Application, Network, or Gateway Load Balancer) is configured to operate across multiple Availability Zones (AZs). Ensuring that your load balancer is spread across at least two AZs helps maintain high availability and fault tolerance in case of an AZ failure.","If an ELBv2 is not configured across multiple AZs, there is a risk that an Availability Zone failure could lead to downtime for your application. This could result in a single point of failure, impacting the availability and reliability of your services."
elbv2_listeners_underneath,Check if ELBV2 has listeners underneath.,Check if ELBV2 has listeners underneath.,The rules that are defined for a listener determine how the load balancer routes requests to its registered targets.
elbv2_logging_enabled,Check if Elastic Load Balancers have logging enabled.,Check if Elastic Load Balancers have logging enabled.,If logs are not enabled monitoring of service use and threat analysis is not possible.
elbv2_nlb_tls_termination_enabled,Check if Network Load Balancers (NLB) has TLS termination enabled.,Check if Network Load Balancers (NLB) has TLS listeners.,Ensure that your Amazon Network Load Balancers (NLBs) are configured to terminate TLS connections in order to optimize the performance of the backend servers while encrypting the communication between the load balancer and the associated targets (i.e. server instances).
elbv2_ssl_listeners,Check if Elastic Load Balancers have SSL listeners.,Check if Elastic Load Balancers have SSL listeners.,Clear text communication could affect privacy of information in transit.
elbv2_waf_acl_attached,Check if Application Load Balancer has a WAF ACL attached.,Check if Application Load Balancer has a WAF ACL attached.,If not WAF ACL is attached risk of web attacks increases.
emr_cluster_account_public_block_enabled,EMR Account Public Access Block enabled.,EMR Account Public Access Block enabled.,EMR Clusters must have Account Public Access Block enabled.
emr_cluster_master_nodes_no_public_ip,EMR Cluster without Public IP.,EMR Cluster without Public IP.,EMR Cluster should not have Public IP.
emr_cluster_publicly_accesible,Publicly accessible EMR Cluster.,Publicly accessible EMR Cluster.,EMR Clusters should not be publicly accessible.
etcd_client_cert_auth,Ensure that the --client-cert-auth argument is set to true for etcd,"This check ensures that client authentication is enabled for the etcd service, which is a key-value store used by Kubernetes for persistent storage of all REST API objects. Enabling client authentication helps in securing access to etcd.","If --client-cert-auth is not set to true, etcd service may be accessible by unauthenticated clients, posing a significant security risk."
etcd_no_auto_tls,Ensure that the --auto-tls argument is not set to true for etcd,"This check ensures that etcd does not use self-signed certificates for TLS, which are less secure than certificates from a trusted authority. Avoiding self-signed certificates enhances the security of etcd.","Using --auto-tls=true may result in the use of self-signed certificates, reducing the overall security of the etcd service."
etcd_no_peer_auto_tls,Ensure that the --peer-auto-tls argument is not set to true for etcd,This check ensures that etcd is not configured to use automatically generated self-signed certificates for TLS connections between peers. Using self-signed certificates for peer authentication is discouraged in a production environment.,"Using self-signed certificates can lead to insecure communications between etcd peers, compromising data security."
etcd_peer_client_cert_auth,Ensure that the --peer-client-cert-auth argument is set to true for etcd,This check ensures that etcd is configured for peer authentication by verifying that the --peer-client-cert-auth argument is set to true. This configuration is crucial to ensure that etcd peers in the cluster are authenticated and secure.,"Failing to configure peer client authentication can lead to unauthorized access to the etcd cluster, compromising sensitive data."
etcd_peer_tls_config,Ensure that the --peer-cert-file and --peer-key-file arguments are set as appropriate for etcd,"This check ensures that etcd is configured to use TLS encryption for peer connections, which is crucial for securing sensitive data stored in etcd. It verifies the presence of peer certificate and key file arguments in etcd configuration.",Not configuring TLS for peer connections in etcd can lead to potential data breaches and unauthorized access.
etcd_tls_encryption,Ensure that the --cert-file and --key-file arguments are set as appropriate for etcd,"This check verifies that the etcd service in a Kubernetes cluster is configured with appropriate TLS encryption settings. etcd, being a key value store for all Kubernetes REST API objects, should have its communication encrypted to protect these sensitive objects in transit.","Without proper TLS configuration, data stored in etcd can be susceptible to interception and unauthorized access, posing a significant security risk to the entire Kubernetes cluster."
etcd_unique_ca,Ensure that a unique Certificate Authority is used for etcd,This check ensures that etcd uses a unique Certificate Authority (CA) separate from the one used for the overall Kubernetes cluster. This practice enhances the security by restricting access to the etcd database only to clients and peers with certificates issued by the dedicated etcd CA.,Using the same CA for etcd and the Kubernetes cluster can expose etcd to unauthorized access if any certificate issued by the Kubernetes CA is compromised.
eventbridge_bus_cross_account_access,Ensure that AWS EventBridge event buses do not allow unknown cross-account access for delivery of events.,Ensure that AWS EventBridge event buses do not allow unknown cross-account access for delivery of events.,"If an AWS EventBridge event bus allows unknown cross-account access for delivery of events, it can lead to unauthorized access to the event bus and its events."
eventbridge_bus_exposed,Ensure that your AWS EventBridge event bus is not exposed to everyone,Ensure that your AWS EventBridge event bus is not exposed to everyone.,"If your AWS EventBridge event bus is exposed to everyone, unauthorized users can access your event bus and potentially view or modify your events."
eventbridge_global_endpoint_event_replication_enabled,Check if EventBridge global endpoints have event replication enabled.,Check if event replication is enabled for an Amazon EventBridge global endpoint. The control fails if event replication isn't enabled.,"Without event replication, automatic failover in case of Regional failure may not work as expected, increasing the risk of service disruption."
eventbridge_schema_registry_cross_account_access,Ensure that AWS EventBridge schema registries do not allow unknown cross-account access for delivery of events.,Ensure that AWS EventBridge schema registries do not allow unknown cross-account access for delivery of events.,"The schema registry is a central location for storing and managing schemas. If the schema registry is not properly secured, it can lead to unauthorized access to the schema registry and the schemas stored within it."
firehose_stream_encrypted_at_rest,DataFirehose delivery streams should be encrypted at rest.,,"Without encryption at rest, data in Amazon Kinesis Data Firehose delivery streams is vulnerable to unauthorized access if the storage layer is compromised. This increases the risk of sensitive information exposure, potentially leading to data breaches or non-compliance with security regulations."
fms_policy_compliant,Ensure that all FMS policies inside an admin account are compliant,This check ensures all FMS policies inside an admin account are compliant,"If FMS policies are not compliant, means there are resources unprotected by the policies"
fsx_file_system_copy_tags_to_backups_enabled,Check if FSx file systems are configured to copy tags to backups.,Check if an Amazon FSx file system is configured to copy tags to backups. The control fails if this configuration isn't enabled.,"Without tag copying, managing and tracking your resources could be more difficult, impacting your governance and inventory management processes."
fsx_file_system_copy_tags_to_volumes_enabled,Check if FSx file systems are configured to copy tags to volumes.,Check if an Amazon FSx file system is configured to copy tags to volumes. The control fails if this configuration isn't enabled.,"Without tag copying, managing and tracking your resources could be more difficult, impacting your governance and inventory management processes."
fsx_windows_file_system_multi_az_enabled,Check if FSx Windows file systems are configured with Multi-AZ.,Check if FSx Windows file systems are configured with Multi-AZ. The control fails if this configuration isn't enabled.,"Relative to Single-AZ deployment, Multi-AZ deployments provide enhanced durability by further replicating data across AZs, and enhanced availability during planned system maintenance and unplanned service disruption by failing over automatically to the standby AZ. This allows you to continue accessing your data, and helps to protect your data against instance failure and AZ disruption."
glacier_vaults_policy_public_access,Check if S3 Glacier vaults have policies which allow access to everyone.,Ensure CodeArtifact internal packages do not allow external public source publishing.,Vaults accessible to everyone could expose sensitive data to bad actors.
glue_data_catalogs_connection_passwords_encryption_enabled,Check if Glue data catalog settings have encrypt connection password enabled.,Check if Glue data catalog settings have encrypt connection password enabled.,If not enabled sensitive information at rest is not protected.
glue_data_catalogs_metadata_encryption_enabled,Check if Glue data catalog settings have metadata encryption enabled.,Check if Glue data catalog settings have metadata encryption enabled.,If not enabled sensitive information at rest is not protected.
glue_data_catalogs_not_publicly_accessible,Ensure Glue Data Catalogs are not publicly accessible.,This control checks whether Glue Data Catalogs are not publicly accessible via resource policies.,"Publicly accessible Glue Data Catalogs can expose sensitive data schema and metadata, leading to potential security risks."
glue_database_connections_ssl_enabled,Check if Glue database connection has SSL connection enabled.,Check if Glue database connection has SSL connection enabled.,Data exfiltration could happen if information is not protected in transit.
glue_development_endpoints_cloudwatch_logs_encryption_enabled,Check if Glue development endpoints have CloudWatch logs encryption enabled.,Check if Glue development endpoints have CloudWatch logs encryption enabled.,If not enabled sensitive information at rest is not protected.
glue_development_endpoints_job_bookmark_encryption_enabled,Check if Glue development endpoints have Job bookmark encryption enabled.,Check if Glue development endpoints have Job bookmark encryption enabled.,If not enabled sensitive information at rest is not protected.
glue_development_endpoints_s3_encryption_enabled,Check if Glue development endpoints have S3 encryption enabled.,Check if Glue development endpoints have S3 encryption enabled.,Data exfiltration could happen if information is not protected. KMS keys provide additional security level to IAM policies.
glue_etl_jobs_amazon_s3_encryption_enabled,Check if Glue ETL Jobs have S3 encryption enabled.,Check if Glue ETL Jobs have S3 encryption enabled.,If not enabled sensitive information at rest is not protected.
glue_etl_jobs_cloudwatch_logs_encryption_enabled,Check if Glue ETL Jobs have CloudWatch Logs encryption enabled.,Check if Glue ETL Jobs have CloudWatch Logs encryption enabled.,If not enabled sensitive information at rest is not protected.
glue_etl_jobs_job_bookmark_encryption_enabled,Check if Glue ETL Jobs have Job bookmark encryption enabled.,Check if Glue ETL Jobs have Job bookmark encryption enabled.,If not enabled sensitive information at rest is not protected.
glue_etl_jobs_logging_enabled,[DEPRECATED] Check if Glue ETL Jobs have logging enabled.,[DEPRECATED] Ensure that Glue ETL Jobs have CloudWatch logs enabled.,"Without logging enabled, AWS Glue jobs lack visibility into job activities and failures, making it difficult to detect unauthorized access, troubleshoot issues, and ensure compliance. This may result in untracked security incidents or operational issues that affect data processing."
glue_ml_transform_encrypted_at_rest,Check if Glue ML Transform Encryption at Rest is Enabled,This control checks whether an AWS Glue machine learning transform is encrypted at rest. The control fails if the machine learning transform isn't encrypted at rest.,"Data at rest refers to data that's stored in persistent, non-volatile storage for any duration. Encrypting data at rest helps you protect its confidentiality, which reduces the risk that an unauthorized user can access it."
guardduty_centrally_managed,GuardDuty is centrally managed,GuardDuty is centrally managed,"If GuardDuty is not centrally managed, it is not possible to centrally manage the GuardDuty findings, settings, and member accounts."
guardduty_ec2_malware_protection_enabled,Ensure that GuardDuty Malware Protection for EC2 is enabled.,GuardDuty Malware Protection for EC2 helps you detect the potential presence of malware by scanning the Amazon Elastic Block Store (Amazon EBS) volumes that are attached to Amazon Elastic Compute Cloud (Amazon EC2) instances and container workloads.,"Malware can compromise your EC2 instances and container workloads, leading to data breaches, data exfiltration, and other security incidents."
guardduty_eks_audit_log_enabled,GuardDuty EKS Audit Log Monitoring Enabled,Checks whether GuardDuty EKS Audit Log Monitoring is enabled as source in a detector.,"Without GuardDuty EKS Audit Log Monitoring enabled, you may not be able to detect potentially suspicious activities in your Amazon Elastic Kubernetes Service (Amazon EKS) clusters."
guardduty_eks_runtime_monitoring_enabled,GuardDuty EKS Runtime Monitoring should be enabled,"This control checks whether GuardDuty EKS Runtime Monitoring with automated agent management is enabled. For a standalone account, the control fails if GuardDuty EKS Runtime Monitoring with automated agent management is disabled in the account. In a multi-account environment, the control fails if the delegated GuardDuty administrator account and all member accounts don't have EKS Runtime Monitoring with automated agent management enabled.","Without EKS Runtime Monitoring in GuardDuty, your Amazon EKS clusters may lack necessary protection against potential threats that can compromise container security, leading to unmonitored security risks."
guardduty_is_enabled,Check if GuardDuty is enabled,Check if GuardDuty is enabled,Amazon GuardDuty is a continuous security monitoring service that analyzes and processes several datasources.
guardduty_lambda_protection_enabled,Check if GuardDuty Lambda Protection is enabled.,"GuardDuty Lambda Protection helps you identify potential security threats when an AWS Lambda function gets invoked. After you enable Lambda Protection, GuardDuty starts monitoring Lambda network activity logs associated with the Lambda functions in your AWS account.","If Lambda Protection is not enabled, GuardDuty will not be able to monitor Lambda network activity logs and may miss potential security threats."
guardduty_no_high_severity_findings,There are High severity GuardDuty findings,There are High severity GuardDuty findings,If critical findings are not addressed threats can spread in the environment.
guardduty_rds_protection_enabled,Check if GuardDuty RDS Protection is enabled.,Check if GuardDuty RDS Protection is enabled to ensure monitoring and threat detection for RDS activity.,"Without GuardDuty RDS Protection enabled, suspicious login activities to your databases may go undetected, increasing the risk of unauthorized access, data breaches, or compromised database security."
guardduty_s3_protection_enabled,Check if GuardDuty S3 Protection is enabled.,This control checks whether GuardDuty S3 Protection is enabled in the account.,"Without GuardDuty S3 Protection enabled, your S3 buckets are not monitored for potential security risks at the object level, which may lead to undetected malicious activities and data breaches."
iam_administrator_access_with_mfa,Ensure users of groups with AdministratorAccess policy have MFA tokens enabled,Ensure users of groups with AdministratorAccess policy have MFA tokens enabled,Policy may allow Anonymous users to perform actions.
iam_avoid_root_usage,Avoid the use of the root accounts,Avoid the use of the root account,The root account has unrestricted access to all resources in the AWS account. It is highly recommended that the use of this account be avoided.
iam_aws_attached_policy_no_administrative_privileges,"Ensure IAM AWS-Managed policies that allow full ""*:*"" administrative privileges are not attached","Ensure IAM AWS-Managed policies that allow full ""*:*"" administrative privileges are not attached","IAM policies are the means by which privileges are granted to users, groups, or roles. It is recommended and considered a standard security advice to grant least privilegeâ€”that is, granting only the permissions required to perform a task. Determine what users need to do and then craft policies for them that let the users perform only those tasks instead of allowing full administrative privileges. Providing full administrative privileges instead of restricting to the minimum set of permissions that the user is required to do exposes the resources to potentially unwanted actions."
iam_check_saml_providers_sts,Check if there are SAML Providers then STS can be used,Check if there are SAML Providers then STS can be used,Without SAML provider users with AWS CLI or AWS API access can use IAM static credentials. SAML helps users to assume role by default each time they authenticate.
iam_customer_attached_policy_no_administrative_privileges,"Ensure IAM Customer-Managed policies that allow full ""*:*"" administrative privileges are not attached","Ensure IAM Customer-Managed policies that allow full ""*:*"" administrative privileges are not attached","IAM policies are the means by which privileges are granted to users, groups, or roles. It is recommended and considered a standard security advice to grant least privilegeâ€”that is, granting only the permissions required to perform a task. Determine what users need to do and then craft policies for them that let the users perform only those tasks instead of allowing full administrative privileges. Providing full administrative privileges instead of restricting to the minimum set of permissions that the user is required to do exposes the resources to potentially unwanted actions."
iam_customer_unattached_policy_no_administrative_privileges,"Ensure IAM policies that allow full ""*:*"" administrative privileges are not created","Ensure IAM policies that allow full ""*:*"" administrative privileges are not created, may be eventual consistent if an ephemeral resource is using it","IAM policies are the means by which privileges are granted to users, groups, or roles. It is recommended and considered a standard security advice to grant least privilegeâ€”that is, granting only the permissions required to perform a task. Determine what users need to do and then craft policies for them that let the users perform only those tasks instead of allowing full administrative privileges. Providing full administrative privileges instead of restricting to the minimum set of permissions that the user is required to do exposes the resources to potentially unwanted actions."
iam_group_administrator_access_policy,Ensure No IAM Groups Have Administrator Access Policy,"This check ensures that no IAM groups in your AWS account have the 'AdministratorAccess' policy attached. IAM users with this policy have unrestricted access to all AWS services and resources, which poses a significant security risk if misused.","IAM groups with administrator-level permissions can perform any action on any resource in your AWS environment. If these permissions are granted to users unnecessarily or to individuals without sufficient knowledge, it can lead to security vulnerabilities, data leaks, data loss, or unexpected charges."
iam_inline_policy_allows_privilege_escalation,Ensure no IAM Inline policies allow actions that may lead into Privilege Escalation,Ensure no Inline IAM policies allow actions that may lead into Privilege Escalation,Users with some IAM permissions are allowed to elevate their privileges up to administrator rights.
iam_inline_policy_no_administrative_privileges,"Ensure IAM inline policies that allow full ""*:*"" administrative privileges are not associated to IAM identities","Ensure inline policies that allow full ""*:*"" administrative privileges are not associated to IAM identities","IAM policies are the means by which privileges are granted to users, groups or roles. It is recommended and considered a standard security advice to grant least privilegeâ€”that is, granting only the permissions required to perform a task. Determine what users need to do and then craft policies for them that let the users perform only those tasks instead of allowing full administrative privileges. Providing full administrative privileges instead of restricting to the minimum set of permissions that the user is required to do exposes the resources to potentially unwanted actions."
iam_inline_policy_no_full_access_to_cloudtrail,"Ensure IAM inline policies that allow full ""cloudtrail:*"" privileges are not created","Ensure IAM inline policies that allow full ""cloudtrail:*"" privileges are not created",CloudTrail is a critical service and IAM policies should follow least privilege model for this service in particular
iam_inline_policy_no_full_access_to_kms,"Ensure IAM inline policies that allow full ""kms:*"" privileges are not created","Ensure IAM inline policies that allow full ""kms:*"" privileges are not created",KMS is a critical service and IAM policies should follow least privilege model for this service in particular
iam_no_custom_policy_permissive_role_assumption,Ensure that no custom IAM policies exist which allow permissive role assumption (e.g. sts:AssumeRole on *),Ensure that no custom IAM policies exist which allow permissive role assumption (e.g. sts:AssumeRole on *),If not restricted unintended access could happen.
iam_no_expired_server_certificates_stored,Ensure that all the expired SSL/TLS certificates stored in AWS IAM are removed.,Ensure that all the expired SSL/TLS certificates stored in AWS IAM are removed.,"Removing expired SSL/TLS certificates eliminates the risk that an invalid certificate will be deployed accidentally to a resource such as AWS Elastic Load Balancer (ELB), which can damage the credibility of the application/website behind the ELB."
iam_no_root_access_key,Ensure no root account access key exists,Ensure no root account access key exists,The root account is the most privileged user in an AWS account. AWS Access Keys provide programmatic access to a given AWS account. It is recommended that all access keys associated with the root account be removed. Removing access keys associated with the root account limits vectors by which the account can be compromised. Removing the root access keys encourages the creation and use of role based accounts that are least privileged.
iam_password_policy_expires_passwords_within_90_days_or_less,Ensure IAM password policy expires passwords within 90 days or less,Ensure IAM password policy expires passwords within 90 days or less,Password policies are used to enforce password complexity requirements. IAM password policies can be used to ensure password are comprised of different character sets. It is recommended that the password policy require at least one uppercase letter.
iam_password_policy_lowercase,Ensure IAM password policy require at least one lowercase letter,Ensure IAM password policy requires at least one uppercase letter,Password policies are used to enforce password complexity requirements. IAM password policies can be used to ensure password are comprised of different character sets. It is recommended that the password policy require at least one lowercase letter.
iam_password_policy_minimum_length_14,Ensure IAM password policy requires minimum length of 14 or greater,Ensure IAM password policy requires minimum length of 14 or greater,Password policies are used to enforce password complexity requirements. IAM password policies can be used to ensure password are comprised of different character sets. It is recommended that the password policy require minimum length of 14 or greater.
iam_password_policy_number,Ensure IAM password policy require at least one number,Ensure IAM password policy require at least one number,Password policies are used to enforce password complexity requirements. IAM password policies can be used to ensure password are comprised of different character sets. It is recommended that the password policy require at least one number.
iam_password_policy_reuse_24,Ensure IAM password policy prevents password reuse: 24 or greater,Ensure IAM password policy prevents password reuse: 24 or greater,Password policies are used to enforce password complexity requirements. IAM password policies can be used to ensure password are comprised of different character sets. It is recommended that the password policy prevents at least password reuse of 24 or greater.
iam_password_policy_symbol,Ensure IAM password policy require at least one symbol,Ensure IAM password policy require at least one symbol,Password policies are used to enforce password complexity requirements. IAM password policies can be used to ensure password are comprised of different character sets. It is recommended that the password policy require at least one non-alphanumeric character.
iam_password_policy_uppercase,Ensure IAM password policy requires at least one uppercase letter,Ensure IAM password policy requires at least one uppercase letter,Password policies are used to enforce password complexity requirements. IAM password policies can be used to ensure password are comprised of different character sets. It is recommended that the password policy require at least one uppercase letter.
iam_policy_allows_privilege_escalation,Ensure no Customer Managed IAM policies allow actions that may lead into Privilege Escalation,Ensure no Customer Managed IAM policies allow actions that may lead into Privilege Escalation,Users with some IAM permissions are allowed to elevate their privileges up to administrator rights.
iam_policy_attached_only_to_group_or_roles,Ensure IAM policies are attached only to groups or roles,Ensure IAM policies are attached only to groups or roles,"By default IAM users, groups, and roles have no access to AWS resources. IAM policies are the means by which privileges are granted to users, groups, or roles. It is recommended that IAM policies be applied directly to groups and roles but not users. Assigning privileges at the group or role level reduces the complexity of access management as the number of users grow. Reducing access management complexity may in-turn reduce opportunity for a principal to inadvertently receive or retain excessive privileges."
iam_policy_cloudshell_admin_not_attached,"Check if IAM identities (users,groups,roles) have the AWSCloudShellFullAccess policy attached.","This control checks whether an IAM identity (user, role, or group) has the AWS managed policy AWSCloudShellFullAccess attached. The control fails if an IAM identity has the AWSCloudShellFullAccess policy attached.","Attaching the AWSCloudShellFullAccess policy to IAM identities grants broad permissions, including internet access and file transfer capabilities, which can lead to security risks such as data exfiltration. The principle of least privilege should be followed to avoid excessive permissions."
iam_policy_no_full_access_to_cloudtrail,"Ensure IAM policies that allow full ""cloudtrail:*"" privileges are not created","Ensure IAM policies that allow full ""cloudtrail:*"" privileges are not created",CloudTrail is a critical service and IAM policies should follow least privilege model for this service in particular
iam_policy_no_full_access_to_kms,"Ensure IAM policies that allow full ""kms:*"" privileges are not created","Ensure IAM policies that allow full ""kms:*"" privileges are not created",KMS is a critical service and IAM policies should follow least privilege model for this service in particular
iam_role_administratoraccess_policy,Ensure IAM Roles do not have AdministratorAccess policy attached,Ensure IAM Roles do not have AdministratorAccess policy attached,"The AWS-managed AdministratorAccess policy grants all actions for all AWS services and for all resources in the account and as such exposes the customer to a significant data leakage threat. It should be granted very conservatively. For granting access to 3rd party vendors, consider using alternative managed policies, such as ViewOnlyAccess or SecurityAudit."
iam_role_cross_account_readonlyaccess_policy,Ensure IAM Roles do not have ReadOnlyAccess access for external AWS accounts,Ensure IAM Roles do not have ReadOnlyAccess access for external AWS accounts,"The AWS-managed ReadOnlyAccess policy is highly potent and exposes the customer to a significant data leakage threat. It should be granted very conservatively. For granting access to 3rd party vendors, consider using alternative managed policies, such as ViewOnlyAccess or SecurityAudit."
iam_role_cross_service_confused_deputy_prevention,Ensure IAM Service Roles prevents against a cross-service confused deputy attack,Ensure IAM Service Roles prevents against a cross-service confused deputy attack,Allow attackers to gain unauthorized access to resources
iam_root_hardware_mfa_enabled,Ensure only hardware MFA is enabled for the root account,Ensure only hardware MFA is enabled for the root account,The root account is the most privileged user in an AWS account. MFA adds an extra layer of protection on top of a user name and password. With MFA enabled when a user signs in to an AWS website they will be prompted for their user name and password as well as for an authentication code from their AWS MFA device. For Level 2 it is recommended that the root account be protected with only a hardware MFA.
iam_root_mfa_enabled,Ensure MFA is enabled for the root account,Ensure MFA is enabled for the root account,The root account is the most privileged user in an AWS account. MFA adds an extra layer of protection on top of a user name and password. With MFA enabled when a user signs in to an AWS website they will be prompted for their user name and password as well as for an authentication code from their AWS MFA device. When virtual MFA is used for root accounts it is recommended that the device used is NOT a personal device but rather a dedicated mobile device (tablet or phone) that is managed to be kept charged and secured independent of any individual personal devices. (non-personal virtual MFA) This lessens the risks of losing access to the MFA due to device loss / trade-in or if the individual owning the device is no longer employed at the company.
iam_rotate_access_key_90_days,Ensure access keys are rotated every 90 days or less,Ensure access keys are rotated every 90 days or less,Access keys consist of an access key ID and secret access key which are used to sign programmatic requests that you make to AWS. AWS users need their own access keys to make programmatic calls to AWS from the AWS Command Line Interface (AWS CLI)- Tools for Windows PowerShell- the AWS SDKs- or direct HTTP calls using the APIs for individual AWS services. It is recommended that all access keys be regularly rotated.
iam_securityaudit_role_created,Ensure a Security Audit role has been created to conduct security audits,Ensure a Security Audit role has been created to conduct security audits,Creating an IAM role with a security audit policy provides a clear separation of duties between the security team and other teams within the organization. This helps to ensure that security-related activities are performed by authorized individuals with the appropriate expertise and access permissions.
iam_support_role_created,Ensure a support role has been created to manage incidents with AWS Support,Ensure a support role has been created to manage incidents with AWS Support,"AWS provides a support center that can be used for incident notification and response, as well as technical support and customer services. Create an IAM Role to allow authorized users to manage incidents with AWS Support."
iam_user_accesskey_unused,Ensure unused User Access Keys are disabled,Ensure unused User Access Keys are disabled,"To increase the security of your AWS account, remove IAM user credentials (that is, passwords and access keys) that are not needed. For example, when users leave your organization or no longer need AWS access."
iam_user_administrator_access_policy,Ensure No IAM Users Have Administrator Access Policy,"This check ensures that no IAM users in your AWS account have the 'AdministratorAccess' policy attached. IAM users with this policy have unrestricted access to all AWS services and resources, which poses a significant security risk if misused.","IAM users with administrator-level permissions can perform any action on any resource in your AWS environment. If these permissions are granted to users unnecessarily or to individuals without sufficient knowledge, it can lead to security vulnerabilities, data leaks, data loss, or unexpected charges."
iam_user_console_access_unused,Ensure unused user console access are disabled,Ensure unused user console access are disabled,"To increase the security of your AWS account, remove IAM user credentials (that is, passwords and access keys) that are not needed. For example, when users leave your organization or no longer need AWS access."
iam_user_hardware_mfa_enabled,Check if IAM users have Hardware MFA enabled.,Check if IAM users have Hardware MFA enabled.,Hardware MFA is preferred over virtual MFA.
iam_user_mfa_enabled_console_access,Ensure multi-factor authentication (MFA) is enabled for all IAM users that have a console password.,Ensure multi-factor authentication (MFA) is enabled for all IAM users that have a console password.,Unauthorized access to this critical account if password is not secure or it is disclosed in any way.
iam_user_no_setup_initial_access_key,Do not setup access keys during initial user setup for all IAM users that have a console password,Do not setup access keys during initial user setup for all IAM users that have a console password,"AWS console defaults the checkbox for creating access keys to enabled. This results in many access keys being generated unnecessarily. In addition to unnecessary credentials, it also generates unnecessary management work in auditing and rotating these keys. Requiring that additional steps be taken by the user after their profile has been created will give a stronger indication of intent that access keys are (a) necessary for their work and (b) once the access key is established on an account that the keys may be in use somewhere in the organization."
iam_user_two_active_access_key,Check if IAM users have two active access keys,Check if IAM users have two active access keys,Access Keys could be lost or stolen. It creates a critical risk.
iam_user_with_temporary_credentials,Ensure users make use of temporary credentials assuming IAM roles,Ensure users make use of temporary credentials assuming IAM roles,"As a best practice, use temporary security credentials (IAM roles) instead of creating long-term credentials like access keys, and don't create AWS account root user access keys."
inspector2_active_findings_exist,Check if Inspector2 active findings exist,This check determines if there are any active findings in your AWS account that have been detected by AWS Inspector2. Inspector2 is an automated security assessment service that helps improve the security and compliance of applications deployed on AWS.,"Without using AWS Inspector, you may not be aware of all the security vulnerabilities in your AWS resources, which could lead to unauthorized access, data breaches, or other security incidents."
inspector2_is_enabled,"Check if Inspector2 is enabled for Amazon EC2 instances, ECR container images and Lambda functions.","Ensure that the new version of Amazon Inspector is enabled in order to help you improve the security and compliance of your AWS cloud environment. Amazon Inspector 2 is a vulnerability management solution that continually scans scans your Amazon EC2 instances, ECR container images, and Lambda functions to identify software vulnerabilities and instances of unintended network exposure.","Without using AWS Inspector, you may not be aware of all the security vulnerabilities in your AWS resources, which could lead to unauthorized access, data breaches, or other security incidents."
kafka_cluster_encryption_at_rest_uses_cmk,Ensure Kafka Cluster Encryption at Rest Uses Customer Managed Keys (CMK),Kafka Cluster data stored at rest should be encrypted using Customer Managed Keys (CMK) for enhanced security and control over the encryption process.,"Using default AWS-managed encryption keys might not meet certain compliance or regulatory requirements. With CMKs, you have more control over the encryption process and can rotate keys, define access policies, and enable key auditing."
kafka_cluster_enhanced_monitoring_enabled,Ensure Enhanced Monitoring is Enabled for MSK (Kafka) Brokers,"Enhanced monitoring provides additional visibility into the performance and behavior of MSK (Kafka) brokers. By enabling enhanced monitoring, you can gain insights into potential issues and optimize the performance of your Kafka clusters.","Without enhanced monitoring, you may have limited visibility into the performance and health of your MSK brokers, which could lead to undetected issues and potential performance degradation."
kafka_cluster_in_transit_encryption_enabled,Ensure Kafka Cluster Encryption in Transit is Enabled,"Kafka clusters should have encryption in transit enabled to protect data as it travels across the network. This ensures that data is encrypted when transmitted between clients and brokers, preventing unauthorized access or data breaches.","If encryption in transit is not enabled, data transmitted over the network could be vulnerable to eavesdropping or man-in-the-middle attacks."
kafka_cluster_is_public,Kafka Cluster Exposed to the Public,"The Kafka cluster is publicly accessible, which can expose sensitive data and increase the attack surface.","Exposing the Kafka cluster to the public can lead to unauthorized access, data breaches, and potential security threats."
kafka_cluster_mutual_tls_authentication_enabled,Ensure Mutual TLS Authentication is Enabled for Kafka Cluster,"Mutual TLS Authentication ensures that both the client and the server are authenticated, providing an additional layer of security for communication within the Kafka cluster.","Without Mutual TLS Authentication, the cluster is vulnerable to man-in-the-middle attacks, and unauthorized clients may be able to access the cluster."
kafka_cluster_unrestricted_access_disabled,Ensure Kafka Cluster has unrestricted access disabled,Kafka Clusters should not have unrestricted access enabled. Unrestricted access allows anyone to access the Kafka Cluster without any authentication. It is recommended to disable unrestricted access to prevent unauthorized access to the Kafka Cluster.,Unrestricted access to Kafka Clusters can lead to unauthorized access to the cluster and its data. It is recommended to restrict access to Kafka Clusters to only authorized entities.
kafka_cluster_uses_latest_version,MSK cluster should use the latest version.,"Ensure that your Amazon Managed Streaming for Apache Kafka (MSK) cluster is using the latest version to benefit from the latest security features, bug fixes, and performance improvements.","Running an outdated version of Amazon MSK may expose your cluster to security vulnerabilities, bugs, and performance issues."
kafka_connector_in_transit_encryption_enabled,MSK Connect connectors should be encrypted in transit,This control checks whether an Amazon MSK Connect connector is encrypted in transit. This control fails if the connector isn't encrypted in transit.,Data in transit can be intercepted or eavesdropped on by unauthorized users. Ensuring encryption in transit helps to protect sensitive data as it moves between nodes in a network or from your MSK cluster to connected applications.
kinesis_stream_data_retention_period,Kinesis streams should have an adequate data retention period.,Ensure Kinesis streams have an adequate data retention period.,"An inadequate data retention period may result in data records being deleted before they can be processed or backed up, increasing the risk of data loss. This is especially critical for applications that rely on historical data availability for analysis, monitoring, and recovery in case of failures."
kinesis_stream_encrypted_at_rest,Kinesis streams should be encrypted at rest.,Ensure Kinesis streams use server-side encryption with AWS KMS keys for data protection.,"If Kinesis streams are not encrypted at rest, sensitive data stored in the stream could be exposed to unauthorized access or breaches. This could lead to potential data theft or misuse of unencrypted data."
kms_cmk_are_used,Check if there are CMK KMS keys not used.,Check if there are CMK KMS keys not used.,Unused keys may increase service cost.
kms_cmk_not_deleted_unintentionally,AWS KMS keys should not be deleted unintentionally,Ensure there is no customer keys scheduled for deletion.,"KMS keys cannot be recovered once deleted, also, all the data under a KMS key is also permanently unrecoverable if the KMS key is deleted."
kms_cmk_not_multi_region,AWS KMS customer managed keys should not be multi-Region,Ensure that AWS KMS customer managed keys (CMKs) are not multi-region to maintain strict data control and compliance with security best practices.,"Multi-region KMS keys can increase the risk of unauthorized access and data exposure, as managing access controls and auditing across multiple regions becomes more complex. This expanded attack surface may lead to compliance violations and data breaches."
kms_cmk_rotation_enabled,Ensure rotation for customer created KMS CMKs is enabled.,Ensure rotation for customer created KMS CMKs is enabled.,"Cryptographic best practices discourage extensive reuse of encryption keys. Consequently, Customer Master Keys (CMKs) should be rotated to prevent usage of compromised keys."
kms_key_not_publicly_accessible,Check exposed KMS keys,Check exposed KMS keys,Exposed KMS Keys or wide policy permissions my leave data unprotected.
kubelet_authorization_mode,Ensure that the kubelet --authorization-mode argument is not set to AlwaysAllow,"This check ensures that kubelets are not set to use the 'AlwaysAllow' authorization mode, which would allow all authenticated requests without explicit authorization.",Setting --authorization-mode to AlwaysAllow can lead to unauthorized access to kubelet services.
kubelet_client_ca_file_set,Ensure that the kubelet --client-ca-file argument is set as appropriate,This check verifies that the kubelet is configured with the --client-ca-file argument to enable authentication using certificates. This configuration is essential to secure the connections from the apiserver to the kubelet.,"If --client-ca-file is not set, the apiserver cannot authenticate the kubelet, potentially leading to man-in-the-middle attacks."
kubelet_conf_file_ownership,Ensure kubelet.conf file ownership is set to root:root,"Ensure that the kubelet.conf file, which is the kubeconfig file for the node, has its file ownership set to root:root. This check verifies the proper ownership settings to maintain the security and integrity of the node's configuration.",Incorrect file ownership settings on kubelet.conf can lead to unauthorized access and potential security vulnerabilities.
kubelet_conf_file_permissions,Ensure kubelet.conf file permissions are set to 600 or more restrictive,"Ensure that the kubelet.conf file, which is the kubeconfig file for the node, has permissions set to 600 or more restrictive. This ensures the integrity and security of the node's configuration.","Improper permissions on kubelet.conf can expose sensitive configuration data, potentially leading to cluster security compromises."
kubelet_config_yaml_ownership,Validate kubelet config.yaml File Ownership,"Ensure that if the kubelet refers to a configuration file with the --config argument, that file is owned by root:root. The kubelet config file contains various critical parameters for the kubelet service on worker nodes, and its ownership should be strictly controlled.",Improper file ownership on kubelet config.yaml can expose sensitive data or allow unauthorized modifications.
kubelet_config_yaml_permissions,Validate kubelet config.yaml File Permissions,"Ensure that if the kubelet refers to a configuration file with the --config argument, that file has permissions of 600 or more restrictive. The kubelet config file contains various critical parameters for the kubelet service on worker nodes, and its permissions should be strictly controlled.",Improper file permissions on kubelet config.yaml can expose sensitive data or allow unauthorized modifications.
kubelet_disable_anonymous_auth,Ensure that the --anonymous-auth argument is set to false,This check ensures that anonymous requests to the Kubelet server are disabled by setting the --anonymous-auth argument to false. Disabling anonymous requests enhances the security by ensuring that all requests are authenticated and authorized.,Enabling anonymous requests can lead to unauthorized access to Kubelet APIs and potentially sensitive cluster data.
kubelet_disable_read_only_port,Verify that the kubelet --read-only-port argument is set to 0,This check ensures that the read-only port of the Kubelet is disabled by verifying that the --read-only-port argument is set to 0. Disabling the read-only port is crucial to prevent unauthenticated access to sensitive cluster data.,"If the read-only port is open, it could allow unauthenticated access to sensitive cluster information."
kubelet_event_record_qps,Ensure that the kubelet eventRecordQPS argument is set to an appropriate level,"This check ensures that the Kubelet is configured with an appropriate eventRecordQPS level. The eventRecordQPS parameter limits the rate at which events are gathered, ensuring important security events are not missed while preventing potential denial-of-service conditions.",An inappropriate eventRecordQPS setting could lead to missing vital security events or DoS conditions.
kubelet_manage_iptables,Ensure that the kubelet --make-iptables-util-chains argument is set to true,"This check ensures that the Kubelet is configured to manage iptables, which keeps the iptables configuration in sync with the dynamic pod network configuration. Allowing the Kubelet to manage iptables helps to avoid network communication issues between pods/containers.","If kubelet does not manage iptables, manual configurations might conflict with dynamic pod networking, causing communication issues."
kubelet_rotate_certificates,Ensure that the kubelet client certificate rotation is enabled,"This check ensures that the kubelet client certificate rotation is enabled, allowing for automated periodic rotation of credentials, thereby addressing availability concerns in the security triad. This is crucial for avoiding downtime due to expired certificates.","Not enabling kubelet client certificate rotation may lead to service interruptions due to expired certificates, compromising the availability of the node."
kubelet_service_file_ownership_root,Ensure that the kubelet service file ownership is set to root:root,This check ensures that the kubelet service file on each Node is owned by root. Proper file ownership is critical for the security and integrity of the kubelet service configuration.,"Incorrect ownership settings can lead to unauthorized modifications, potentially compromising the security and functionality of the kubelet service."
kubelet_service_file_permissions,Ensure that the kubelet service file permissions are set to 600 or more restrictive,"This check ensures that the kubelet service file on worker nodes has permissions set to 600 or more restrictive, limiting the file's write access to only system administrators. This measure is crucial to maintain the integrity and security of the kubelet service configuration.","Improper file permissions on the kubelet service file could lead to unauthorized modifications, compromising node security and stability."
kubelet_streaming_connection_timeout,Ensure that the kubelet --streaming-connection-idle-timeout argument is not set to 0,This check ensures that the Kubelet is configured with a non-zero timeout for streaming connections. Setting a non-zero timeout helps protect against Denial-of-Service attacks and resource exhaustion due to idle connections.,A zero timeout on streaming connections can lead to Denial-of-Service attacks and resource exhaustion.
kubelet_strong_ciphers_only,Ensure that the Kubelet only makes use of Strong Cryptographic Ciphers,This check verifies that the kubelet is configured to use only strong cryptographic ciphers. Ensuring the use of strong ciphers is essential to minimize the risk of vulnerabilities and enhance the security of TLS connections to the kubelet.,"Using weak ciphers can expose the kubelet to cryptographic attacks, compromising the security of data in transit."
kubelet_tls_cert_and_key,Ensure that the kubelet TLS certificate and private key are set appropriately,This check ensures that each Kubelet is configured with a TLS certificate and private key for secure connections. These settings are crucial for preventing man-in-the-middle attacks and ensuring secure communication between the apiserver and kubelets.,Not setting the kubelet's TLS certificate and private key can expose the node to security vulnerabilities and interception of sensitive data.
lightsail_database_public,Check if the database has the public mode.,"The database is in public mode, which means it is exposed to the internet.",This can lead to unauthorized access to the database.
lightsail_instance_automated_snapshots,Check if instances have automated snapshots enabled,Amazon Lightsail automatically creates daily snapshots of your instances. These snapshots are used for automatic backups and are stored at no additional cost. It is recommended to enable automatic snapshots for your Lightsail instances.,"If automatic snapshots are not enabled, you may lose data in case of accidental deletion or corruption."
lightsail_instance_public,Ensure that Lightsail instances are not publicly accessible,Ensure that Lightsail instances are not publicly accessible,"If an instance is publicly accessible, it can be accessed by anyone on the internet. This can lead to unauthorized access to the instance and its data."
lightsail_static_ip_unused,Static IP are allocated but not attached to any instance,Static IPs that are allocated but not attached to any instance are wasting resources and may pose a security risk if left unused for extended periods.,Unattached static IPs can be potential entry points for unauthorized access or DDoS attacks if not properly secured.
macie_automated_sensitive_data_discovery_enabled,Check if Macie automated sensitive data discovery is enabled.,Check if automated sensitive data discovery is enabled for an Amazon Macie account. The control fails if it isn't enabled.,"Without automated sensitive data discovery, there could be delays in identifying sensitive data, leading to data exposure risks in Amazon S3 buckets."
macie_is_enabled,Check if Amazon Macie is enabled.,Check if Amazon Macie is enabled.,"Amazon Macie is a fully managed data security and data privacy service that uses machine learning and pattern matching to help you discover, monitor and protect your sensitive data in AWS."
memorydb_cluster_auto_minor_version_upgrades,Ensure Memory DB clusters have minor version upgrade enabled.,Ensure Memory DB clusters have minor version upgrade enabled.,Auto Minor Version Upgrade is a feature that you can enable to have your database automatically upgraded when a new minor database engine version is available. Minor version upgrades often patch security vulnerabilities and fix bugs and therefore should be applied.
mq_broker_active_deployment_mode,Apache ActiveMQ brokers should be configured in active/standby mode.,Ensure Amazon MQ Apache ActiveMQ brokers are configured in active/standby mode for high availability and fault tolerance.,"Apache ActiveMQ brokers not configured in active/standby mode lack high availability, increasing the risk of downtime and data loss during failures."
mq_broker_auto_minor_version_upgrades,MQ Broker Auto Minor Version Upgrades should be enabled.,Ensure that automatic minor version upgrades are enabled on Amazon MQ brokers.,"Amazon MQ brokers without automatic minor version upgrades may miss critical updates, leaving them vulnerable to security risks, bugs, and performance issues."
mq_broker_cluster_deployment_mode,MQ RabbitMQ Brokers should use cluster deployment mode.,Ensure that RabbitMQ Brokers use cluster deployment mode.,"Using a single-instance RabbitMQ broker limits fault tolerance and high availability. Without cluster deployment, broker failures could lead to significant downtime and potential data loss."
mq_broker_logging_enabled,MQ brokers should stream audit logs to CloudWatch.,Ensure MQ brokers are configured to stream audit logs to CloudWatch to enhance monitoring and detect security-related issues.,"Without streaming audit logs to CloudWatch, monitoring and alerting on suspicious activity or security incidents is limited. This reduces visibility into the broker's operations and potential security breaches."
mq_broker_not_publicly_accessible,MQ brokers should not be publicly accessible.,Brokers created without public accessibility can't be accessed from outside of your VPC. This greatly reduces your broker's susceptibility to Distributed Denial of Service (DDoS) attacks from the public internet.,"Public Amazon MQ brokers can be accessed directly, outside of a Virtual Private Cloud (VPC), therefore every machine on the Internet can reach your brokers through their public endpoints and this can increase the opportunity for malicious activity such as cross-site scripting (XSS) and clickjacking attacks."
neptune_cluster_backup_enabled,Check for Neptune Clusters Backup Retention Period.,Check if Neptune Clusters have backup enabled.,Ensure that your Amazon Neptune graph database clusters have set a minimum backup retention period of 7 days or greater in order to achieve your organization compliance requirements. The retention period represents the number of days to retain automated snapshots.
neptune_cluster_copy_tags_to_snapshots,Check if Neptune DB clusters are configured to copy tags to snapshots.,This check ensures that Neptune DB clusters are configured to copy all tags to snapshots when the snapshots are created.,"If tags are not copied to snapshots, the snapshots may lack necessary metadata for identification, governance, and access control, leading to potential mismanagement and security risks."
neptune_cluster_deletion_protection,Check if Neptune Clusters storage has deletion protection enabled.,Check if Neptune Clusters storage has deletion protection enabled.,Enabling cluster deletion protection offers an additional layer of protection against accidental database deletion or deletion by an unauthorized user. A Neptune DB cluster can't be deleted while deletion protection is enabled. You must first disable deletion protection before a delete request can succeed.
neptune_cluster_iam_authentication_enabled,Check if Neptune Clusters have IAM authentication enabled.,Check if Neptune Clusters have IAM authentication enabled.,Ensure that IAM Database Authentication feature is enabled for your Amazon Neptune database clusters in order to make use of AWS Identity and Access Management (IAM) service to manage database access.
neptune_cluster_integration_cloudwatch_logs,Check if Neptune Clusters have audit cloudwatch logs enabled.,Check if Neptune Clusters have audit cloudwatch logs enabled.,"If audit logs are not enabled, it is difficult to determine the root cause of security incidents."
neptune_cluster_multi_az,Check if Neptune Clusters have multi-AZ enabled.,Check if Neptune Clusters have multi-AZ enabled.,"Ensure that your Amazon Neptune graph database clusters are using Multi-AZ deployment configurations to enhance High Availability (HA) through automatic failover to read replicas in the event of a failure such as an Availability Zone (AZ) outage, an internal hardware or network outage, a software failure or in case of planned system maintenance."
neptune_cluster_public_snapshot,Check if NeptuneDB manual cluster snapshot is public.,Check if NeptuneDB manual cluster snapshot is public.,"If you share an unencrypted manual snapshot as public, the snapshot is available to all AWS accounts. Public snapshots may result in unintended data exposure."
neptune_cluster_snapshot_encrypted,Check if Neptune DB cluster snapshots are encrypted at rest.,This check ensures that Neptune DB cluster snapshots are encrypted at rest to protect sensitive data from unauthorized access.,"If Neptune DB cluster snapshots are not encrypted, sensitive data might be exposed in case of unauthorized access, leading to potential data breaches and non-compliance with data protection regulations."
neptune_cluster_storage_encrypted,Check if Neptune Clusters storage is encrypted at rest.,Check if Neptune Clusters storage is encrypted at rest.,"Ensure that the data available on your Amazon Neptune database instances is encrypted in order to meet regulatory requirements and prevent unauthorized users from accessing sensitive information. Encryption provides an additional layer of protection by securing your Neptune databases from unauthorized access to the underlying storage. Neptune is a fast, scalable, highly secure and fully-managed graph database service that makes it easy to build and run applications that work with deeply connected datasets."
neptune_cluster_uses_public_subnet,Ensure Neptune Cluster is not using a public subnet,Ensure Neptune Cluster is not using a public subnet,There is a risk of exposing sensitive data if Neptune Cluster uses a public subnet.
networkfirewall_deletion_protection,Ensure that Deletion Protection safety feature is enabled for your Amazon VPC network firewalls.,"Ensure that Deletion Protection safety feature is enabled for your Amazon VPC network firewalls in order to protect the firewalls from being accidentally deleted. By default, Deletion Protection is disabled for VPC network firewalls.","Without a network firewall, it can be difficult to monitor and control traffic within the VPC. This can make it harder to detect and prevent attacks or unauthorized access to resources."
networkfirewall_in_all_vpc,Ensure all VPCs have Network Firewall enabled,Ensure all VPCs have Network Firewall enabled,"Without a network firewall, it can be difficult to monitor and control traffic within the VPC. This can make it harder to detect and prevent attacks or unauthorized access to resources."
networkfirewall_logging_enabled,Ensure Network Firewall Logging is Enabled,This control checks whether logging is enabled for an AWS Network Firewall firewall. The control fails if logging isn't enabled for at least one log type or if the logging destination doesn't exist.,"Failing to enable logging on an AWS Network Firewall can lead to a lack of visibility into network traffic, making it difficult to monitor and respond to security incidents effectively, which could jeopardize the security and integrity of your infrastructure."
networkfirewall_multi_az,Ensure all Network Firewall Firewalls are deployed across multiple AZ.,Ensure all Network Firewall Firewalls are deployed in at least 2 Availability Zones.,"Deploying a Network Firewall in a single Availability Zone increases the risk of service disruption if that AZ experiences an outage, potentially leaving your network vulnerable to attacks or downtime."
networkfirewall_policy_default_action_fragmented_packets,Default action for fragmented packets is set to drop or forward.,NetorwFirewall firewall policy default action for fragmented packets is set to drop or forward.,"If the default action for fragmented packets is set to 'Pass', unintended or potentially malicious traffic may bypass filtering, exposing the network to security threats."
networkfirewall_policy_default_action_full_packets,NetworkFirewall firewall policy default action for full packets is set to drop or forward.,Default stateless action for full packets must be set to drop or forward in AWS Network Firewall policy.,"If the default stateless action for full packets is set to 'Pass', unintended traffic may bypass network filtering, leading to potential security vulnerabilities by allowing unauthorized or harmful packets."
networkfirewall_policy_rule_group_associated,Ensure Network Firewall Policies Have at Least One Rule Group Associated,This control checks whether a Network Firewall policy has any stateful or stateless rule groups associated. The control fails if stateless or stateful rule groups are not assigned.,"If a Network Firewall policy does not have at least one rule group associated, it may fail to properly filter and handle traffic, leaving the network vulnerable to unauthorized access and attacks."
opensearch_service_domains_access_control_enabled,Check if Amazon Elasticsearch/Opensearch Service domains have fine grained access control enabled,Check if Amazon Elasticsearch/Opensearch Service domains have fine grained access control enabled,"Amazon ES's fine graine access control enhances security by verifying that access to OpenSearch domains is controlled at a granular level, allowing for more precise permissions management and reducing the risk of unauthorised access."
opensearch_service_domains_audit_logging_enabled,Check if Amazon Elasticsearch/Opensearch Service domains have audit logging enabled,Check if Amazon Elasticsearch/Opensearch Service domains have audit logging enabled,"If logs are not enabled, monitoring of service use and threat analysis is not possible."
opensearch_service_domains_cloudwatch_logging_enabled,Check if Amazon Elasticsearch/Opensearch Service domains have logging enabled,Check if Amazon Elasticsearch/Opensearch Service domains have logging enabled,"Amazon ES exposes four Elasticsearch/Opensearch logs through Amazon CloudWatch Logs: error logs, search slow logs, index slow logs, and audit logs."
opensearch_service_domains_encryption_at_rest_enabled,Check if Amazon Elasticsearch/Opensearch Service domains have encryption at-rest enabled,Check if Amazon Elasticsearch/Opensearch Service domains have encryption at-rest enabled,If not enable unauthorized access to your data could risk increases.
opensearch_service_domains_fault_tolerant_data_nodes,Ensure Elasticsearch/Opensearch domains have fault-tolerant data nodes.,This control checks whether Elasticsearch/Opensearch domains are fault-tolerant with at least three data nodes and cross-zone replication (Zone Awareness) enabled.,"Without at least three data nodes and without cross-zone replication (Zone Awareness), the Elasticsearch/Opensearch domain may not be fault-tolerant, leading to a higher risk of data loss or unavailability in case of node failure."
opensearch_service_domains_fault_tolerant_master_nodes,OpenSearch Service Domain should have at least three dedicated master nodes,OpenSearch Service uses dedicated master nodes to increase cluster stability. A minimum of three dedicated master nodes is recommended to ensure high availability.,"If a master node fails, the cluster may become unavailable."
opensearch_service_domains_https_communications_enforced,Check if Amazon Elasticsearch/Opensearch Service domains have enforce HTTPS enabled,Check if Amazon Elasticsearch/Opensearch Service domains have enforce HTTPS enabled,If not enable unauthorized access to your data could risk increases.
opensearch_service_domains_internal_user_database_enabled,Check if Amazon Elasticsearch/Opensearch Service domains have internal user database enabled,Check if Amazon Elasticsearch/Opensearch Service domains have internal user database enabled,"Internal User Database is convenient for demos, for production environment use Federated authentication."
opensearch_service_domains_node_to_node_encryption_enabled,Check if Amazon Elasticsearch/Opensearch Service domains have node-to-node encryption enabled,Check if Amazon Elasticsearch/Opensearch Service domains have node-to-node encryption enabled,Node-to-node encryption provides an additional layer of security on top of the default features of Amazon ES. This architecture prevents potential attackers from intercepting traffic between Elasticsearch nodes and keeps the cluster secure.
opensearch_service_domains_not_publicly_accessible,Check if Amazon Opensearch/Elasticsearch domains are publicly accessible,Check if Amazon Opensearch/Elasticsearch domains are publicly accessible via their access policies.,Publicly accessible services could expose sensitive data to bad actors.
opensearch_service_domains_updated_to_the_latest_service_software_version,Check if Amazon Elasticsearch/Opensearch Service domains have updates available,Check if Amazon Elasticsearch/Opensearch Service domains have updates available,Amazon ES regularly releases system software updates that add features or otherwise improve your domains.
opensearch_service_domains_use_cognito_authentication_for_kibana,Check if Amazon Elasticsearch/Opensearch Service domains has either Amazon Cognito or SAML authentication for Kibana enabled,Check if Amazon Elasticsearch/Opensearch Service domains has Amazon Cognito or SAML authentication for Kibana enabled,"Not enabling Amazon Cognito or SAML authentication for Kibana in AWS Elasticsearch/OpenSearch Service domains increases the likelihood of unauthorized access to sensitive data, potentially compromising system integrity."
organizations_account_part_of_organizations,Check if account is part of an AWS Organizations,Ensure that AWS Organizations service is currently in use.,"The risk associated with not being part of an AWS Organizations is that it can lead to a lack of centralized management and control over the AWS accounts in an organization. This can make it difficult to enforce security policies consistently across all accounts, and can also result in increased costs due to inefficiencies in resource usage. Additionally, not being part of an AWS Organizations can make it harder to track and manage account usage and access."
organizations_delegated_administrators,Check if AWS Organizations delegated administrators are trusted,This check verify if there are AWS Organizations delegated administrators and if they are trusted (you can define your trusted delegated administrator in Prowler configuration),"The risk associated with having untrusted delegated administrators within an AWS Organizations is that they may have the ability to access and make changes to sensitive data and resources within an organization's AWS accounts. This can result in unauthorized access or data breaches, which can lead to financial losses, damage to reputation, and legal liabilities. It's important to carefully vet and monitor AWS Organizations delegated administrators to ensure that they are trustworthy and have a legitimate need for access to the organization's resources."
organizations_opt_out_ai_services_policy,Ensure that AWS Organizations opt-out of AI services policy is enabled and disallow child-accounts to overwrite this policy.,This control checks whether the AWS Organizations opt-out of AI services policy is enabled and whether child-accounts are disallowed to overwrite this policy. The control fails if the policy is not enabled or if child-accounts are not disallowed to overwrite this policy.,"By default, AWS may be using your data to train its AI models. This may include data from your AWS CloudTrail logs, AWS Config rules, and AWS GuardDuty findings. If you opt out of AI services, AWS will not use your data to train its AI models."
organizations_scp_check_deny_regions,Check if AWS Regions are restricted with SCP policies,"As best practice, AWS Regions should be restricted and only allow the ones that are needed.","The risk associated with not restricting AWS Regions with Service Control Policies (SCPs) is that it can lead to unauthorized access or use of resources in regions that are not intended for use. This can result in increased costs due to inefficiencies in resource usage and can also expose sensitive data to unauthorized access or breaches. By restricting access to AWS Regions with SCP policies, organizations can help ensure that only authorized personnel have access to the resources they need, while minimizing the risk of security breaches and compliance violations."
organizations_tags_policies_enabled_and_attached,Check if an AWS Organization has tags policies enabled and attached.,Check if an AWS Organization has tags policies enabled and attached.,"If an AWS Organization tags policies are not enabled and attached, it is not possible to enforce tags on AWS resources."
rbac_cluster_admin_usage,Ensure that the cluster-admin role is only used where required,"This check ensures that the 'cluster-admin' role, which provides wide-ranging powers, is used only where necessary. The 'cluster-admin' role grants super-user access to perform any action on any resource, including all namespaces. It should be applied cautiously to avoid excessive privileges.","Inappropriate use of the 'cluster-admin' role can lead to excessive privileges, increasing the risk of malicious actions and potentially impacting the cluster's security posture."
rbac_minimize_csr_approval_access,Minimize access to the approval sub-resource of certificatesigningrequests objects,"This check ensures that access to the approval sub-resource of certificate signing request (CSR) objects is restricted. Access to update the approval sub-resource can lead to privilege escalation, allowing creation of new high-privileged user accounts in the cluster.","Unauthorized access to update the approval sub-resource of CSR objects can lead to significant security vulnerabilities, including unauthorized user creation and privilege escalation."
rbac_minimize_node_proxy_subresource_access,Minimize access to the proxy sub-resource of nodes,"This check ensures that access to the proxy sub-resource of node objects is restricted. Access to this sub-resource can grant privileges to use the Kubelet API directly, bypassing Kubernetes API controls like audit logging and admission control, potentially leading to privilege escalation.","Unauthorized access to the proxy sub-resource of node objects can lead to significant security vulnerabilities, including privilege escalation."
rbac_minimize_pod_creation_access,Minimize access to create pods,This check ensures that the ability to create pods in a Kubernetes cluster is restricted to a minimal group of users. Limiting pod creation access mitigates the risk of privilege escalation and exposure of sensitive data.,Unrestricted access to create pods can lead to potential security risks and privilege escalation within the cluster.
rbac_minimize_pv_creation_access,Minimize access to create persistent volumes,This check ensures that the ability to create persistent volumes in Kubernetes is restricted to authorized users only. Limiting this capability helps prevent privilege escalation scenarios through the creation of hostPath volumes.,"Excessive permissions to create persistent volumes can lead to unauthorized access to sensitive host files, overriding the restrictions imposed by Pod Security Admission policies."
rbac_minimize_secret_access,Minimize access to secrets,This check ensures that access to secrets in the Kubernetes API is restricted to the smallest possible group of users. Minimizing access to secrets helps in reducing the risk of privilege escalation and potential unauthorized access to sensitive data.,Inappropriate access to secrets can lead to escalation of privileges and unauthorized access to cluster resources or external resources managed through the secrets.
rbac_minimize_service_account_token_creation,Minimize access to the service account token creation,This check ensures that access to create new service account tokens is restricted within the Kubernetes cluster. Unrestricted token creation can lead to privilege escalation and persistent unauthorized access to the cluster.,Granting excessive permissions for service account token creation can lead to abuse and compromise of cluster security.
rbac_minimize_webhook_config_access,Minimize access to webhook configuration objects,This check ensures that access to webhook configuration objects (validatingwebhookconfigurations and mutatingwebhookconfigurations) is restricted. Unauthorized access or modification of these objects can lead to privilege escalation or disruption of cluster operations.,"Inadequately restricted access to webhook configurations can result in unauthorized control over webhooks, potentially allowing privilege escalation or interference with cluster functionality."
rbac_minimize_wildcard_use_roles,Minimize wildcard use in Roles and ClusterRoles,"This check ensures that Roles and ClusterRoles in Kubernetes minimize the use of wildcards. Restricting wildcards enhances security by enforcing the principle of least privilege, ensuring users have only the access required for their role.","Use of wildcards can lead to excessive rights being granted, potentially allowing users to access or modify resources beyond their scope of responsibility."
rds_cluster_backtrack_enabled,Check if RDS Aurora MySQL Clusters have backtrack enabled.,"Ensure that the Backtrack feature is enabled for your Amazon Aurora (with MySQL compatibility) database clusters in order to backtrack your clusters to a specific time, without using backups. Backtrack is an Amazon RDS feature that allows you to specify the amount of time that an Aurora MySQL database cluster needs to retain change records, in order to have a fast way to recover from user errors, such as dropping the wrong table or deleting the wrong row by moving your MySQL database to a prior point in time without the need to restore from a recent backup.","Once the Backtrack feature is enabled, Amazon RDS can quickly 'rewind' your Aurora MySQL database cluster to a point in time that you specify. In contrast to the backup and restore method, with Backtrack you can easily undo a destructive action, such as a DELETE query without a WHERE clause, with minimal downtime, you can rewind your Aurora cluster in just few minutes, and you can repeatedly backtrack a database cluster back and forth in time to help determine when a particular data change occurred."
rds_cluster_copy_tags_to_snapshots,Check if RDS DB clusters have copy tags to snapshots enabled,"Check if RDS DB clusters have copy tags to snapshots enabled, Aurora instances do not support this feature at instance level so those who are clustered will be scan by this check.","If RDS clusters are not configured to copy tags to snapshots, it could lead to compliance issues as the snapshots will not inherit necessary metadata such as environment, owner, or purpose tags. This could result in inefficient tracking and management of RDS resources and their snapshots."
rds_cluster_critical_event_subscription,Check if RDS Cluster critical events are subscribed.,"Ensure that Amazon RDS event notification subscriptions are enabled for database cluster events, particularly maintenance and failure.","Without event subscriptions for critical events, such as maintenance and failures, you may not be aware of issues affecting your RDS clusters, leading to downtime or security vulnerabilities."
rds_cluster_default_admin,Ensure that your Amazon RDS clusters are not using the default master username.,Ensure that your Amazon RDS clusters are not using the default master username.,Since admin is the Amazon's example for the RDS database master username and postgres is the default PostgreSQL master username. Many AWS customers will use this username for their RDS database instances in production. Malicious users can use this information to their advantage and frequently try to use default master username during brute-force attacks.
rds_cluster_deletion_protection,Check if RDS clusters have deletion protection enabled.,Check if RDS clusters have deletion protection enabled.,You can only delete clusters that do not have deletion protection enabled.
rds_cluster_iam_authentication_enabled,Check if RDS clusters have IAM authentication enabled.,Check if RDS clusters have IAM authentication enabled.,"Ensure that the IAM Database Authentication feature is enabled for your RDS database clusters in order to use the Identity and Access Management (IAM) service to manage database access to your MySQL and PostgreSQL database clusters. With this feature enabled, you don't have to use a password when you connect to your MySQL/PostgreSQL database, instead you can use an authentication token. An authentication token is a unique string of characters with a lifetime of 15 minutes that Amazon RDS generates on your request. IAM Database Authentication removes the need of storing user credentials within the database configuration, because authentication is managed externally using Amazon IAM."
rds_cluster_integration_cloudwatch_logs,Check if RDS cluster is integrated with CloudWatch Logs.,"Check if RDS cluster is integrated with CloudWatch Logs. The types valid are Aurora MySQL, Aurora PostgreSQL, MySQL, PostgreSQL.","If logs are not enabled, monitoring of service use and threat analysis is not possible."
rds_cluster_minor_version_upgrade_enabled,Ensure RDS clusters have minor version upgrade enabled.,Ensure RDS clusters have minor version upgrade enabled.,Auto Minor Version Upgrade is a feature that you can enable to have your database automatically upgraded when a new minor database engine version is available. Minor version upgrades often patch security vulnerabilities and fix bugs and therefore should be applied.
rds_cluster_multi_az,Check if RDS clusters have multi-AZ enabled.,Check if RDS clusters have multi-AZ enabled.,"In case of failure, with a single-AZ deployment configuration, should an availability zone specific database failure occur, Amazon RDS can not automatically fail over to the standby availability zone."
rds_cluster_non_default_port,Check if RDS clusters are using non-default ports.,Checks if an cluster uses a port other than the default port of the database engine. The control fails if the RDS cluster uses the default port.,"Using a default database port exposes the cluster to potential security vulnerabilities, as attackers are more likely to target known, commonly-used ports. This may result in unauthorized access to the database or increased susceptibility to automated attacks."
rds_cluster_protected_by_backup_plan,Check if RDS clusters are protected by a backup plan.,Check if RDS clusters are protected by a backup plan.,"Without a backup plan, RDS clusters are vulnerable to data loss, accidental deletion, or corruption. This could lead to significant operational disruptions or loss of critical data."
rds_cluster_storage_encrypted,Check if RDS clusters storage is encrypted.,Check if RDS clusters storage is encrypted.,If not enabled sensitive information at rest is not protected.
rds_instance_backup_enabled,Check if RDS instances have backup enabled.,Check if RDS instances have backup enabled.,"If backup is not enabled, data is vulnerable. Human error or bad actors could erase or modify data."
rds_instance_certificate_expiration,Ensure that the SSL/TLS certificates configured for your Amazon RDS are not expired.,"To maintain Amazon RDS database security and avoid interruption of the applications that are using RDS and/or Aurora databases, rotate the required SSL/TLS certificates and update the deprecated Certificate Authority (CA) certificates at the Amazon RDS instance level.",Interruption of application if the certificate expires.
rds_instance_copy_tags_to_snapshots,Check if RDS DB instances have copy tags to snapshots enabled,"Check if RDS DB instances have copy tags to snapshots enabled, Aurora instances can not have this feature enabled at this level, they will have it at cluster level","If RDS instances are not configured to copy tags to snapshots, it could lead to compliance issues as the snapshots will not inherit necessary metadata such as environment, owner, or purpose tags. This could result in inefficient tracking and management of RDS resources and their snapshots."
rds_instance_critical_event_subscription,Check if RDS Instances events are subscribed.,"Ensure that Amazon RDS event notification subscriptions are enabled for database database events, particularly maintenance, configuration change and failure.","Without event subscriptions for critical events, such as maintenance, configuration changes and failures, you may not be aware of issues affecting your RDS instances, leading to downtime or security vulnerabilities."
rds_instance_default_admin,Ensure that your Amazon RDS instances are not using the default master username.,Ensure that your Amazon RDS instances are not using the default master username.,Since admin is the Amazon's example for the RDS database master username and postgres is the default PostgreSQL master username. Many AWS customers will use this username for their RDS database instances in production. Malicious users can use this information to their advantage and frequently try to use default master username during brute-force attacks.
rds_instance_deletion_protection,Check if RDS instances have deletion protection enabled.,Check if RDS instances have deletion protection enabled.,You can only delete instances that do not have deletion protection enabled.
rds_instance_deprecated_engine_version,Check if RDS instance is using a supported engine version,"Check if RDS is using a supported engine version for MariaDB, MySQL and PostgreSQL",If not enabled RDS instances may be vulnerable to security issues
rds_instance_enhanced_monitoring_enabled,Check if RDS instances has enhanced monitoring enabled.,Check if RDS instances has enhanced monitoring enabled.,A smaller monitoring interval results in more frequent reporting of OS metrics.
rds_instance_event_subscription_parameter_groups,Check if RDS Parameter Group events are subscribed.,Ensure that Amazon RDS event notification subscriptions are enabled for database parameter groups events.,"Amazon RDS event subscriptions for database parameter groups are designed to provide incident notification of events that may affect the security, availability, and reliability of the RDS database instances associated with these parameter groups."
rds_instance_event_subscription_security_groups,Check if RDS Security Group events are subscribed.,Ensure that Amazon RDS event notification subscriptions are enabled for database security groups events.,"Amazon RDS event subscriptions for database security groups are designed to provide incident notification of events that may affect the security, availability, and reliability of the RDS database instances associated with these security groups."
rds_instance_iam_authentication_enabled,Check if RDS instances have IAM authentication enabled.,Check if RDS instances have IAM authentication enabled.,"Ensure that the IAM Database Authentication feature is enabled for your RDS database instances in order to use the Identity and Access Management (IAM) service to manage database access to your MySQL and PostgreSQL database instances. With this feature enabled, you don't have to use a password when you connect to your MySQL/PostgreSQL database, instead you can use an authentication token. An authentication token is a unique string of characters with a lifetime of 15 minutes that Amazon RDS generates on your request. IAM Database Authentication removes the need of storing user credentials within the database configuration, because authentication is managed externally using Amazon IAM."
rds_instance_inside_vpc,Check if RDS instances are deployed within a VPC.,Check if RDS instances are deployed within a VPC.,"If your RDS instances are not deployed within a VPC, they are not isolated from the public internet and are exposed to potential security threats. Deploying RDS instances within a VPC allows you to control inbound and outbound traffic to and from the instances, and provides an additional layer of security to your database instances."
rds_instance_integration_cloudwatch_logs,Check if RDS instances is integrated with CloudWatch Logs.,Check if RDS instances is integrated with CloudWatch Logs.,"If logs are not enabled, monitoring of service use and threat analysis is not possible."
rds_instance_minor_version_upgrade_enabled,Ensure RDS instances have minor version upgrade enabled.,Ensure RDS instances have minor version upgrade enabled.,Auto Minor Version Upgrade is a feature that you can enable to have your database automatically upgraded when a new minor database engine version is available. Minor version upgrades often patch security vulnerabilities and fix bugs and therefore should be applied.
rds_instance_multi_az,Check if RDS instances have multi-AZ enabled.,Check if RDS instances have multi-AZ enabled.,"In case of failure, with a single-AZ deployment configuration, should an availability zone specific database failure occur, Amazon RDS can not automatically fail over to the standby availability zone."
rds_instance_no_public_access,Ensure there are no Public Accessible RDS instances.,Ensure there are no Public Accessible RDS instances.,Publicly accessible databases could expose sensitive data to bad actors.
rds_instance_non_default_port,Check if RDS instances are using non-default ports.,Checks if an instance uses a port other than the default port of the database engine. The control fails if the RDS instance uses the default port.,"Using a default database port exposes the instance to potential security vulnerabilities, as attackers are more likely to target known, commonly-used ports. This may result in unauthorized access to the database or increased susceptibility to automated attacks."
rds_instance_protected_by_backup_plan,Check if RDS instances are protected by a backup plan.,Check if RDS instances are protected by a backup plan.,"Without a backup plan, RDS instances are vulnerable to data loss, accidental deletion, or corruption. This could lead to significant operational disruptions or loss of critical data."
rds_instance_storage_encrypted,Check if RDS instances storage is encrypted.,Check if RDS instances storage is encrypted.,If not enabled sensitive information at rest is not protected.
rds_instance_transport_encrypted,"Check if RDS instances enforce SSL/TLS encryption for client connections (Microsoft SQL Server, PostgreSQL, MySQL, MariaDB, Aurora PostgreSQL, and Aurora MySQL).","For SQL Server, PostgreSQL, and Aurora PostgreSQL databases, if the `rds.force_ssl` parameter value is set to 0, SSL/TLS connections are not enforced. For MySQL, Aurora MySQL, and MariaDB databases, if the `require_secure_transport` parameter value is set to OFF, SSL/TLS connections are not enforced. Enforcing SSL/TLS ensures that all client connections to RDS instances are encrypted, protecting sensitive information in transit.","If not enabled, sensitive information in transit is not protected."
rds_snapshots_encrypted,Check if RDS Snapshots and Cluster Snapshots are encrypted.,Check if RDS Snapshots and Cluster Snapshots are encrypted.,Ensure that your manual Amazon RDS database snapshots are encrypted in order to achieve compliance for data-at-rest encryption within your organization.
rds_snapshots_public_access,Check if RDS Snapshots and Cluster Snapshots are public.,Check if RDS Snapshots and Cluster Snapshots are public.,"Publicly accessible services could expose sensitive data to bad actors. t is recommended that your RDS snapshots should not be public in order to prevent potential leak or misuse of sensitive data or any other kind of security threat. If your RDS snapshot is public, then the data which is backed up in that snapshot is accessible to all other AWS accounts."
redshift_cluster_audit_logging,Check if Redshift cluster has audit logging enabled,Check if Redshift cluster has audit logging enabled,"If logs are not enabled, monitoring of service use and threat analysis is not possible."
redshift_cluster_automated_snapshot,Check if Redshift Clusters have automated snapshots enabled,Check if Redshift Clusters have automated snapshots enabled,"If backup is not enabled, data is vulnerable. Human error or bad actors could erase or modify data."
redshift_cluster_automatic_upgrades,Check for Redshift Automatic Version Upgrade,Check for Redshift Automatic Version Upgrade,"Without automatic version upgrade enabled, a critical Redshift Cluster version can become severly out of date"
redshift_cluster_encrypted_at_rest,Check if Redshift clusters are encrypted at rest.,This control checks whether Amazon Redshift clusters are encrypted at rest. The control fails if a Redshift cluster isn't encrypted at rest.,"Without encryption at rest, sensitive data stored in Redshift clusters is vulnerable to unauthorized access, which could lead to data breaches and regulatory non-compliance."
redshift_cluster_enhanced_vpc_routing,Check if Redshift clusters are using enhanced VPC routing.,"This control checks whether an Amazon Redshift cluster has EnhancedVpcRouting enabled. Enhanced VPC routing forces all COPY and UNLOAD traffic between the cluster and data repositories to go through your VPC, allowing you to use VPC security features such as security groups and network access control lists.","Without enhanced VPC routing, network traffic between the Redshift cluster and data repositories might bypass VPC-level security controls, increasing the risk of unauthorized access or data exfiltration."
redshift_cluster_in_transit_encryption_enabled,Check if connections to Amazon Redshift clusters are encrypted in transit.,This control checks whether connections to Amazon Redshift clusters are required to use encryption in transit. The control fails if the Redshift cluster parameter 'require_SSL' isn't set to True.,"Without encryption in transit, connections to the Redshift cluster are vulnerable to eavesdropping or person-in-the-middle attacks, exposing sensitive data to unauthorized access."
redshift_cluster_multi_az_enabled,Check if Redshift clusters have Multi-AZ enabled.,This control checks whether Amazon Redshift clusters have Multi-AZ enabled.,"Amazon Redshift supports multiple Availability Zones (Multi-AZ) deployments for provisioned RA3 clusters. By using Multi-AZ deployments, your Amazon Redshift data warehouse can continue operating in failure scenarios when an unexpected event happens in an Availability Zone."
redshift_cluster_non_default_database_name,Check if Redshift clusters are using the default database name.,This control checks whether an Amazon Redshift cluster has changed the database name from its default value. The control fails if the database name is set to 'dev'.,"Using the default database name 'dev' increases the risk of unintended access, as it is publicly known and could be used in IAM policy conditions to inadvertently allow access."
redshift_cluster_non_default_username,Check if Amazon Redshift clusters are using the default Admin username.,This control checks whether an Amazon Redshift cluster has changed the admin username from its default value. The control fails if the admin username is set to 'awsuser'.,"Using the default admin username increases the risk of unauthorized access, as default credentials are publicly known and often targeted by attackers."
redshift_cluster_public_access,Check for Publicly Accessible Redshift Clusters,Check for Publicly Accessible Redshift Clusters,Publicly accessible services could expose sensitive data to bad actors.
resourceexplorer2_indexes_found,Resource Explorer Indexes Found,Resource Explorer Indexes Found,"Not having Resource Explorer indexes can result in increased complexity and overhead in managing your resources, as well as increased risk of security and compliance issues."
route53_dangling_ip_subdomain_takeover,Check if Route53 Records contains dangling IPs.,Check if Route53 Records contains dangling IPs.,"When an ephemeral AWS resource such as an Elastic IP (EIP) is released into the Amazon's Elastic IP pool, an attacker may acquire the EIP resource and effectively control the domain/subdomain associated with that EIP in your Route 53 DNS records."
route53_domains_privacy_protection_enabled,Enable Privacy Protection for for a Route53 Domain.,Enable Privacy Protection for for a Route53 Domain.,"Without privacy protection enabled, ones personal information is published to the public WHOIS database."
route53_domains_transferlock_enabled,Enable Transfer Lock for a Route53 Domain.,Enable Transfer Lock for a Route53 Domain.,"Without transfer lock enabled, a domain name could be incorrectly moved to a new registrar."
route53_public_hosted_zones_cloudwatch_logging_enabled,Check if Route53 public hosted zones are logging queries to CloudWatch Logs.,Check if Route53 public hosted zones are logging queries to CloudWatch Logs.,"If logs are not enabled, monitoring of service use and threat analysis is not possible."
s3_access_point_public_access_block,Block Public Access Settings enabled on Access Points.,Ensures that public access is blocked on S3 Access Points.,"Leaving S3 access points open to the public in AWS can lead to data exposure, breaches, compliance violations, unauthorized access, and data integrity issues."
s3_account_level_public_access_blocks,Check S3 Account Level Public Access Block.,Check S3 Account Level Public Access Block.,Public access policies may be applied to sensitive data buckets.
s3_bucket_acl_prohibited,Check if S3 buckets have ACLs enabled,Check if S3 buckets have ACLs enabled,S3 ACLs are a legacy access control mechanism that predates IAM. IAM and bucket policies are currently the preferred methods.
s3_bucket_cross_account_access,Ensure that general-purpose bucket policies restrict access to other AWS accounts.,"This check verifies that S3 bucket policies are configured in a way that limits access to the intended AWS accounts only, preventing unauthorized access by external or unintended accounts.","Allowing other AWS accounts to perform sensitive actions (e.g., modifying bucket policies, ACLs, or encryption settings) on your S3 buckets can lead to data exposure, unauthorized access, or misconfigurations, increasing the risk of insider threats or attacks."
s3_bucket_cross_region_replication,Check if S3 buckets use cross region replication.,"Verifying whether S3 buckets have cross-region replication enabled, ensuring data redundancy and availability across multiple AWS regions","Without cross-region replication in S3 buckets, data is at risk of being lost or inaccessible if an entire region goes down, leading to potential service disruptions and data unavailability."
s3_bucket_default_encryption,Check if S3 buckets have default encryption (SSE) enabled or use a bucket policy to enforce it.,Check if S3 buckets have default encryption (SSE) enabled or use a bucket policy to enforce it.,Amazon S3 default encryption provides a way to set the default encryption behavior for an S3 bucket. This will ensure data-at-rest is encrypted.
s3_bucket_enforces_ssl,,,
s3_bucket_event_notifications_enabled,Check if S3 buckets have event notifications enabled.,Ensure whether S3 buckets have event notifications enabled.,"Without event notifications, important actions on S3 buckets may go unnoticed, leading to missed opportunities for timely response to critical changes, such as object creation, deletion, or updates that could impact data security and availability."
s3_bucket_kms_encryption,Check if S3 buckets have KMS encryption enabled.,Check if S3 buckets have KMS encryption enabled.,Amazon S3 KMS encryption provides a way to set the encryption behavior for an S3 bucket using a managed key. This will ensure data-at-rest is encrypted.
s3_bucket_level_public_access_block,Check S3 Bucket Level Public Access Block.,Check S3 Bucket Level Public Access Block.,Public access policies may be applied to sensitive data buckets.
s3_bucket_lifecycle_enabled,Check if S3 buckets have a Lifecycle configuration enabled,Check if S3 buckets have Lifecycle configuration enabled.,"The risks of not having lifecycle management enabled for S3 buckets include higher storage costs, unmanaged data retention, and potential non-compliance with data policies."
s3_bucket_no_mfa_delete,Check if S3 bucket MFA Delete is not enabled.,Check if S3 bucket MFA Delete is not enabled.,Your security credentials are compromised or unauthorized access is granted.
s3_bucket_object_lock,Check if S3 buckets have object lock enabled,Check if S3 buckets have object lock enabled,Store objects using a write-once-read-many (WORM) model to help you prevent objects from being deleted or overwritten for a fixed amount of time or indefinitely. That helps to prevent ransomware attacks.
s3_bucket_object_versioning,Check if S3 buckets have object versioning enabled,Check if S3 buckets have object versioning enabled,"With versioning, you can easily recover from both unintended user actions and application failures."
s3_bucket_policy_public_write_access,Check if S3 buckets have policies which allow WRITE access.,Check if S3 buckets have policies which allow WRITE access.,Non intended users can put objects in a given bucket.
s3_bucket_public_access,Ensure there are no S3 buckets open to Everyone or Any AWS user.,Ensure there are no S3 buckets open to Everyone or Any AWS user.,Even if you enable all possible bucket ACL options available in the Amazon S3 console the ACL alone does not allow everyone to download objects from your bucket. Depending on which option you select any user could perform some actions.
s3_bucket_public_list_acl,Ensure there are no S3 buckets listable by Everyone or Any AWS customer.,Ensure there are no S3 buckets listable by Everyone or Any AWS customer.,Even if you enable all possible bucket ACL options available in the Amazon S3 console the ACL alone does not allow everyone to download objects from your bucket. Depending on which option you select any user could perform some actions.
s3_bucket_public_write_acl,Ensure there are no S3 buckets writable by Everyone or Any AWS customer.,Ensure there are no S3 buckets writable by Everyone or Any AWS customer.,Even if you enable all possible bucket ACL options available in the Amazon S3 console the ACL alone does not allow everyone to download objects from your bucket. Depending on which option you select any user could perform some actions.
s3_bucket_secure_transport_policy,Check if S3 buckets have secure transport policy.,Check if S3 buckets have secure transport policy.,"If HTTPS is not enforced on the bucket policy, communication between clients and S3 buckets can use unencrypted HTTP. As a result, sensitive information could be transmitted in clear text over the network or internet."
s3_bucket_server_access_logging_enabled,Check if S3 buckets have server access logging enabled,Check if S3 buckets have server access logging enabled,"Server access logs can assist you in security and access audits, help you learn about your customer base, and understand your Amazon S3 bill."
s3_multi_region_access_point_public_access_block,Block Public Access Settings enabled on Multi Region Access Points.,Ensures that public access is blocked on S3 Access Points.,"Leaving S3 multi region access points open to the public in AWS can lead to data exposure, breaches, compliance violations, unauthorized access, and data integrity issues."
sagemaker_endpoint_config_prod_variant_instances,SageMaker endpoint production variants should have at least two initial instances,This control checks whether production variants of an Amazon SageMaker endpoint have an initial instance count greater than 1. A single instance creates a single point of failure and reduces availability.,"Having only one instance for a SageMaker endpoint production variant can lead to reduced availability, single points of failure, and slow recovery during incidents, especially if the instance becomes unavailable due to failure or security incidents."
sagemaker_models_network_isolation_enabled,Check if Amazon SageMaker Models have network isolation enabled,Check if Amazon SageMaker Models have network isolation enabled,This could provide an avenue for unauthorized access to your data.
sagemaker_models_vpc_settings_configured,Check if Amazon SageMaker Models have VPC settings configured,Check if Amazon SageMaker Models have VPC settings configured,This could provide an avenue for unauthorized access to your data.
sagemaker_notebook_instance_encryption_enabled,Check if Amazon SageMaker Notebook instances have data encryption enabled,Check if Amazon SageMaker Notebook instances have data encryption enabled,Data exfiltration could happen if information is not protected. KMS keys provide additional security level to IAM policies.
sagemaker_notebook_instance_root_access_disabled,Check if Amazon SageMaker Notebook instances have root access disabled,Check if Amazon SageMaker Notebook instances have root access disabled,"Users with root access have administrator privileges, users can access and edit all files on a notebook instance with root access enabled"
sagemaker_notebook_instance_vpc_settings_configured,Check if Amazon SageMaker Notebook instances have VPC settings configured,Check if Amazon SageMaker Notebook instances have VPC settings configured,This could provide an avenue for unauthorized access to your data.
sagemaker_notebook_instance_without_direct_internet_access_configured,Check if Amazon SageMaker Notebook instances have direct internet access,Check if Amazon SageMaker Notebook instances have direct internet access,This could provide an avenue for unauthorized access to your data.
sagemaker_training_jobs_intercontainer_encryption_enabled,Check if Amazon SageMaker Training jobs have intercontainer encryption enabled,Check if Amazon SageMaker Training jobs have intercontainer encryption enabled,If not restricted unintended access could happen.
sagemaker_training_jobs_network_isolation_enabled,Check if Amazon SageMaker Training jobs have network isolation enabled,Check if Amazon SageMaker Training jobs have network isolation enabled,This could provide an avenue for unauthorized access to your data.
sagemaker_training_jobs_volume_and_output_encryption_enabled,Check if Amazon SageMaker Training jobs have volume and output with KMS encryption enabled,Check if Amazon SageMaker Training jobs have volume and output with KMS encryption enabled,Data exfiltration could happen if information is not protected. KMS keys provide additional security level to IAM policies.
sagemaker_training_jobs_vpc_settings_configured,Check if Amazon SageMaker Training job have VPC settings configured.,Check if Amazon SageMaker Training job have VPC settings configured.,This could provide an avenue for unauthorized access to your data.
scheduler_bind_address,Ensure that the --bind-address argument is set to 127.0.0.1 for the Scheduler,This check ensures that the Kubernetes Scheduler is bound to the loopback address (127.0.0.1) to minimize the cluster's attack surface. Binding to the loopback address prevents unauthorized network access to the Scheduler's health and metrics information.,Binding the Scheduler to a non-loopback address exposes sensitive health and metrics information without authentication or encryption.
scheduler_profiling,Ensure that the --profiling argument is set to false,"Disable profiling in the Kubernetes Scheduler unless it is needed for troubleshooting. Profiling can reveal detailed system and application performance data, which might be exploited if exposed. Turning off profiling reduces the potential attack surface and performance overhead.","While profiling is useful for identifying performance issues, it generates detailed data that could potentially expose sensitive information about the system and its performance characteristics."
secretsmanager_automatic_rotation_enabled,Check if Secrets Manager secret rotation is enabled.,Check if Secrets Manager secret rotation is enabled.,Rotating secrets minimizes exposure to attacks using stolen secrets.
secretsmanager_not_publicly_accessible,Ensure Secrets Manager secrets are not publicly accessible.,This control checks whether Secrets Manager secrets are not publicly accessible via resource policies.,Publicly accessible secrets can expose sensitive information and pose a security risk.
secretsmanager_secret_rotated_periodically,Secrets should be rotated periodically,Secrets should be rotated periodically to reduce the risk of unauthorized access.,"Rotating secrets in your AWS account reduces the risk of unauthorized access, especially for credentials like passwords or API keys. Automatic rotation via AWS Secrets Manager replaces long-term secrets with short-term ones, lowering the chances of compromise."
secretsmanager_secret_unused,Ensure secrets manager secrets are not unused,Checks whether Secrets Manager secrets are unused.,"Unused secrets can be abused by former users or leaked to unauthorized entities, increasing the risk of unauthorized access and data breaches."
securityhub_enabled,Check if Security Hub is enabled and its standard subscriptions.,Check if Security Hub is enabled and its standard subscriptions.,AWS Security Hub gives you a comprehensive view of your security alerts and security posture across your AWS accounts.
servicecatalog_portfolio_shared_within_organization_only,Service Catalog portfolios should be shared within an AWS organization only,This control checks whether AWS Service Catalog shares portfolios within an organization when the integration with AWS Organizations is enabled. The control fails if portfolios aren't shared within an organization.,"Sharing Service Catalog portfolios outside of an organization may result in access granted to unintended AWS accounts, potentially exposing sensitive resources."
ses_identity_not_publicly_accessible,Ensure that SES identities are not publicly accessible,This control checks whether SES identities are not publicly accessible via resource policies.,"Publicly accessible SES identities can allow unauthorized email sending or receiving, leading to potential abuse or phishing attacks."
shield_advanced_protection_in_associated_elastic_ips,Check if Elastic IP addresses with associations are protected by AWS Shield Advanced.,Check if Elastic IP addresses with associations are protected by AWS Shield Advanced.,AWS Shield Advanced provides expanded DDoS attack protection for your resources.
shield_advanced_protection_in_classic_load_balancers,Check if Classic Load Balancers are protected by AWS Shield Advanced.,Check if Classic Load Balancers are protected by AWS Shield Advanced.,AWS Shield Advanced provides expanded DDoS attack protection for your resources.
shield_advanced_protection_in_cloudfront_distributions,Check if Cloudfront distributions are protected by AWS Shield Advanced.,Check if Cloudfront distributions are protected by AWS Shield Advanced.,AWS Shield Advanced provides expanded DDoS attack protection for your resources.
shield_advanced_protection_in_global_accelerators,Check if Global Accelerators are protected by AWS Shield Advanced.,Check if Global Accelerators are protected by AWS Shield Advanced.,AWS Shield Advanced provides expanded DDoS attack protection for your resources.
shield_advanced_protection_in_internet_facing_load_balancers,Check if internet-facing Application Load Balancers are protected by AWS Shield Advanced.,Check if internet-facing Application Load Balancers are protected by AWS Shield Advanced.,AWS Shield Advanced provides expanded DDoS attack protection for your resources.
shield_advanced_protection_in_route53_hosted_zones,Check if Route53 hosted zones are protected by AWS Shield Advanced.,Check if Route53 hosted zones are protected by AWS Shield Advanced.,AWS Shield Advanced provides expanded DDoS attack protection for your resources.
sns_subscription_not_using_http_endpoints,Ensure there are no SNS subscriptions using HTTP endpoints,Ensure there are no SNS subscriptions using HTTP endpoints,"When you use HTTPS, messages are automatically encrypted during transit, even if the SNS topic itself isn't encrypted. Without HTTPS, a network-based attacker can eavesdrop on network traffic or manipulate it using an attack such as man-in-the-middle."
sns_topics_kms_encryption_at_rest_enabled,Ensure there are no SNS Topics unencrypted,Ensure there are no SNS Topics unencrypted,If not enabled sensitive information at rest is not protected.
sns_topics_not_publicly_accessible,Check if SNS topics have policy set as Public,Check if SNS topics have policy set as Public,Publicly accessible services could expose sensitive data to bad actors.
sqs_queues_not_publicly_accessible,Check if SQS queues have policy set as Public,Check if SQS queues have policy set as Public,Sensitive information could be disclosed
sqs_queues_server_side_encryption_enabled,Check if SQS queues have Server Side Encryption enabled,Check if SQS queues have Server Side Encryption enabled,If not enabled sensitive information in transit is not protected.
ssm_document_secrets,Find secrets in SSM Documents.,Find secrets in SSM Documents.,Secrets hardcoded into SSM Documents by malware and bad actors to gain lateral access to other services.
ssm_documents_set_as_public,Check if there are SSM Documents set as public.,Check if there are SSM Documents set as public.,SSM Documents may contain private information or even secrets and tokens.
ssm_managed_compliant_patching,Check if EC2 instances managed by Systems Manager are compliant with patching requirements.,Check if EC2 instances managed by Systems Manager are compliant with patching requirements.,Without the most recent security patches your system is potentially vulnerable to cyberattacks. Even the best-designed software can not anticipate every future threat to cybersecurity. Poor patch management can leave an organizations data exposed subjecting them to malware and ransomware attacks.
ssmincidents_enabled_with_plans,Ensure SSM Incidents is enabled with response plans.,Ensure SSM Incidents is enabled with response plans.,"Not having SSM Incidents enabled can increase the risk of delayed detection and response to security incidents, unauthorized access, limited visibility into incidents and vulnerabilities"
stepfunctions_statemachine_logging_enabled,Step Functions state machines should have logging enabled,This control checks if AWS Step Functions state machines have logging enabled. The control fails if the state machine doesn't have the loggingConfiguration property defined.,"Without logging enabled, important operational data may be lost, making it difficult to troubleshoot issues, monitor performance, and ensure compliance with auditing requirements."
storagegateway_fileshare_encryption_enabled,Check if AWS StorageGateway File Shares are encrypted with KMS CMK.,"Ensure that Amazon Storage Gateway service is using AWS KMS Customer Master Keys (CMKs) instead of AWS managed-keys (i.e. default keys) for file share data encryption, in order to have a fine-grained control over data-at-rest encryption/decryption process and meet compliance requirements. An AWS Storage Gateway file share is a file system mount point backed by Amazon S3 cloud storage.",This could provide an avenue for unauthorized access to your data by not having fine-grained control over data-at-rest encryption/decryption process and meet compliance requirements.
transfer_server_in_transit_encryption_enabled,Transfer Family Servers should have encryption in transit enabled.,Ensure that your Transfer Family servers have encryption in transit enabled.,"Using FTP for endpoint connections leaves data in transit unencrypted, making it susceptible to interception by attackers. FTP lacks encryption, which exposes your data to person-in-the-middle and other interception risks. Adopting encrypted protocols such as SFTP, FTPS, or AS2 provides a layer of protection that helps secure sensitive data during transfer."
trustedadvisor_errors_and_warnings,Check Trusted Advisor for errors and warnings.,Check Trusted Advisor for errors and warnings.,"Improve the security of your application by closing gaps, enabling various AWS security features and examining your permissions."
vpc_default_security_group_closed,,,
vpc_different_regions,Ensure there are VPCs in more than one region,Ensure there are VPCs in more than one region,
vpc_endpoint_connections_trust_boundaries,Find trust boundaries in VPC endpoint connections.,Find trust boundaries in VPC endpoint connections.,Account VPC could be linked to other accounts.
vpc_endpoint_for_ec2_enabled,Amazon EC2 should be configured to use VPC endpoints that are created for the Amazon EC2 service.,Ensure that a service endpoint for Amazon EC2 is created for each VPC. The check fails if a VPC does not have a VPC endpoint created for the Amazon EC2 service.,"Without VPC endpoints, network traffic between your VPC and Amazon EC2 may traverse the public internet, increasing the risk of unintended access or data exposure."
vpc_endpoint_multi_az_enabled,Amazon VPC Interface Endpoints should have ENIs in more than one subnet.,"Ensure that all vpc interface endpoints have ENIs in multiple subnets. If a VPC endpoint has an ENI in only a single subnet then this check will fail. You cannot create VPC Endpoints in 2 different subnets in the same AZ. So, for the purpose of VPC endpoints, having multiple subnets implies multiple AZs.",Without VPC endpoints ENIs in multiple subnets an AZ impacting event could lead to increased downtime or your network traffic between your VPC and Amazon services may traverse the public internet.
vpc_endpoint_services_allowed_principals_trust_boundaries,Find trust boundaries in VPC endpoint services allowlisted principles.,Find trust boundaries in VPC endpoint services allowlisted principles.,Account VPC could be linked to other accounts.
vpc_flow_logs_enabled,Ensure VPC Flow Logging is Enabled in all VPCs.,Ensure VPC Flow Logging is Enabled in all VPCs.,VPC Flow Logs provide visibility into network traffic that traverses the VPC and can be used to detect anomalous traffic or insight during security workflows.
vpc_peering_routing_tables_with_least_privilege,Ensure routing tables for VPC peering are least access.,Ensure routing tables for VPC peering are least access.,Being highly selective in peering routing tables is a very effective way of minimizing the impact of breach as resources outside of these routes are inaccessible to the peered VPC.
vpc_subnet_different_az,Ensure all VPC has subnets in more than one availability zone,Ensure all VPC has subnets in more than one availability zone,
vpc_subnet_no_public_ip_by_default,Ensure VPC subnets do not assign public IP by default,Ensure VPC subnets do not assign public IP by default,VPC subnet is a part of the VPC having its own rules for traffic. Assigning the Public IP to the subnet automatically (on launch) can accidentally expose the instances within this subnet to internet and should be edited to 'No' post creation of the Subnet.
vpc_subnet_separate_private_public,Ensure all VPC has public and private subnets defined,Ensure all VPC has public and private subnets defined,
vpc_vpn_connection_tunnels_up,Both VPN tunnels for an AWS Site-to-Site VPN connection should be up,A VPN tunnel is an encrypted link where data can pass from the customer network to or from AWS within an AWS Site-to-Site VPN connection. Each VPN connection includes two VPN tunnels which you can simultaneously use for high availability. Ensuring that both VPN tunnels are up for a VPN connection is important for confirming a secure and highly available connection between an AWS VPC and your remote network.,"If one or both VPN tunnels are down, it can compromise the security and availability of the connection between your AWS VPC and your remote network. This could result in connectivity issues and potential data exposure or loss during the downtime, affecting business operations and overall network security."
waf_global_rule_with_conditions,AWS WAF Classic Global Rules Should Have at Least One Condition.,Ensure that every AWS WAF Classic Global Rule contains at least one condition.,"An AWS WAF Classic Global rule without any conditions cannot inspect or filter traffic, potentially allowing malicious requests to pass unchecked."
waf_global_rulegroup_not_empty,Check if AWS WAF Classic Global rule group has at least one rule.,Ensure that every AWS WAF Classic Global rule group contains at least one rule.,"A WAF Classic Global rule group without any rules allows all incoming traffic to bypass inspection, increasing the risk of unauthorized access and potential attacks on resources."
waf_global_webacl_logging_enabled,Check if AWS WAF Classic Global WebACL has logging enabled.,Ensure that every AWS WAF Classic Global WebACL has logging enabled.,"Without logging enabled, there is no visibility into traffic patterns or potential security threats, which limits the ability to troubleshoot and monitor web traffic effectively."
waf_global_webacl_with_rules,Check if AWS WAF Classic Global WebACL has at least one rule or rule group.,Ensure that every AWS WAF Classic Global WebACL contains at least one rule or rule group.,"An empty AWS WAF Classic Global web ACL allows all web traffic to bypass inspection, potentially exposing resources to unauthorized access and attacks."
waf_regional_rule_with_conditions,AWS WAF Classic Regional Rules Should Have at Least One Condition.,Ensure that every AWS WAF Classic Regional Rule contains at least one condition.,"An AWS WAF Classic Regional rule without any conditions cannot inspect or filter traffic, potentially allowing malicious requests to pass unchecked."
waf_regional_rulegroup_not_empty,Check if AWS WAF Classic Regional rule group has at least one rule.,Ensure that every AWS WAF Classic Regional rule group contains at least one rule.,"A WAF Classic Regional rule group without any rules allows all incoming traffic to bypass inspection, increasing the risk of unauthorized access and potential attacks on resources."
waf_regional_webacl_with_rules,Check if AWS WAF Classic Regional WebACL has at least one rule or rule group.,Ensure that every AWS WAF Classic Regional WebACL contains at least one rule or rule group.,"An empty AWS WAF Classic Regional web ACL allows all web traffic to bypass inspection, potentially exposing resources to unauthorized access and attacks."
wafv2_web_acl_logging_enabled,,,
wafv2_webacl_logging_enabled,Check if AWS WAFv2 WebACL logging is enabled,Check if AWS WAFv2 logging is enabled,Enabling AWS WAFv2 logging helps monitor and analyze traffic patterns for enhanced security.
wafv2_webacl_rule_logging_enabled,Check if AWS WAFv2 WebACL rule or rule group has Amazon CloudWatch metrics enabled.,This control checks whether an AWS WAF rule or rule group has Amazon CloudWatch metrics enabled. The control fails if the rule or rule group doesn't have CloudWatch metrics enabled.,"Without CloudWatch Metrics enabled on AWS WAF rules or rule groups, it's challenging to monitor traffic flow effectively. This reduces visibility into potential security threats, such as malicious activities or unusual traffic patterns."
wafv2_webacl_with_rules,Check if AWS WAFv2 WebACL has at least one rule or rule group.,Check if AWS WAFv2 WebACL has at least one rule or rule group associated with it.,"An empty AWS WAF web ACL allows all web traffic to pass without inspection or control, exposing resources to potential security threats and attacks."
wellarchitected_workload_no_high_or_medium_risks,Check for medium and high risks identified in workloads defined in the AWS Well-Architected Tool.,"The Well-Architected Tool uses the AWS Well-Architected Framework to compare your cloud workloads against best practices across five architectural pillars: security, reliability, performance efficiency, operational excellence, and cost optimization",A given workload can have medium and/or high risks that have been identified based on answers provided to the questions in the Well-Architected Tool. These issues are architectural and operational choices that are not aligned with the best practices from the Well-Architected Framework
workspaces_volume_encryption_enabled,Ensure that your Amazon WorkSpaces storage volumes are encrypted in order to meet security and compliance requirements,Ensure that your Amazon WorkSpaces storage volumes are encrypted in order to meet security and compliance requirements,If the value listed in the Volume Encryption column is Disabled the selected AWS WorkSpaces instance volumes (root and user volumes) are not encrypted. Therefore your data-at-rest is not protected from unauthorized access and does not meet the compliance requirements regarding data encryption.
workspaces_vpc_2private_1public_subnets_nat,Ensure that the Workspaces VPC are deployed following the best practices using 1 public subnet and 2 private subnets with a NAT Gateway attached,Ensure that the Workspaces VPC are deployed following the best practices using 1 public subnet and 2 private subnets with a NAT Gateway attached,Proper network segmentation is a key security best practice. Workspaces VPC should be deployed using 1 public subnet and 2 private subnets with a NAT Gateway attached
